id,jornada,local,visitante,goles_local,goles_visitante,goleadores,asistencias,penaltis,alineacion_local,alineacion_visitante,amarillas,rojas,suspension_5_amarillas,lesiones,tarjetas_staff
1,1,Tottenham,Luton Town,3,3,Jugador206;Jugador8;Jugador57;Jugador72;Jugador245;Jugador259,Jugador64;Jugador270;Jugador53;Jugador151;Jugador255,Jugador206 (penalti),"Jugador284,Jugador234,Jugador161,Jugador241,Jugador293,Jugador353,Jugador145,Jugador279,Jugador153,Jugador118,Jugador369","Jugador377,Jugador147,Jugador340,Jugador104,Jugador67,Jugador42,Jugador247,Jugador143,Jugador387,Jugador384,Jugador317",Jugador25;Jugador219,,,,
2,1,Arsenal,Brighton,3,0,Jugador99;Jugador343;Jugador262,Jugador227;Jugador194,,"Jugador126,Jugador399,Jugador341,Jugador249,Jugador158,Jugador351,Jugador105,Jugador103,Jugador193,Jugador80,Jugador256","Jugador293,Jugador86,Jugador83,Jugador140,Jugador382,Jugador79,Jugador138,Jugador42,Jugador245,Jugador296,Jugador359",Jugador290;Jugador399;Jugador135;Jugador366;Jugador140;Jugador394,Jugador109,Jugador135 (pierde próximo partido),,
3,1,Crystal Palace,Aston Villa,2,4,Jugador72;Jugador209;Jugador193;Jugador187;Jugador383;Jugador357,Jugador2;Jugador86;Jugador213;Jugador231;Jugador57,Jugador72 (penalti),"Jugador244,Jugador51,Jugador238,Jugador48,Jugador220,Jugador392,Jugador283,Jugador389,Jugador242,Jugador383,Jugador375","Jugador191,Jugador195,Jugador334,Jugador107,Jugador149,Jugador118,Jugador218,Jugador26,Jugador258,Jugador188,Jugador269",Jugador53,Jugador171,,,
4,1,West Ham,Fulham,1,3,Jugador109;Jugador307;Jugador265;Jugador58,Jugador288;Jugador98;Jugador28,,"Jugador32,Jugador200,Jugador363,Jugador183,Jugador110,Jugador166,Jugador68,Jugador337,Jugador309,Jugador120,Jugador344","Jugador30,Jugador129,Jugador13,Jugador372,Jugador382,Jugador387,Jugador385,Jugador281,Jugador55,Jugador97,Jugador70",Jugador141,Jugador287;Jugador288,,,
5,1,Wolves,Chelsea,2,1,Jugador231;Jugador199;Jugador343,Jugador150;Jugador372,,"Jugador302,Jugador109,Jugador280,Jugador146,Jugador346,Jugador88,Jugador90,Jugador49,Jugador34,Jugador218,Jugador94","Jugador128,Jugador384,Jugador284,Jugador141,Jugador240,Jugador39,Jugador393,Jugador20,Jugador88,Jugador165,Jugador34",Jugador262;Jugador20;Jugador350;Jugador367;Jugador321,,,,
6,1,Burnley,Bournemouth,3,1,Jugador144;Jugador78;Jugador251;Jugador362,Jugador240;Jugador127;Jugador220,,"Jugador136,Jugador9,Jugador107,Jugador182,Jugador192,Jugador291,Jugador86,Jugador287,Jugador314,Jugador374,Jugador221","Jugador43,Jugador338,Jugador39,Jugador282,Jugador360,Jugador339,Jugador172,Jugador259,Jugador140,Jugador72,Jugador208",Jugador70;Jugador340;Jugador301;Jugador237,Jugador309,,,
7,1,Newcastle,Manchester City,0,4,Jugador15;Jugador153;Jugador30;Jugador186,Jugador89;Jugador91;Jugador171,,"Jugador308,Jugador91,Jugador47,Jugador135,Jugador177,Jugador152,Jugador258,Jugador195,Jugador274,Jugador280,Jugador189","Jugador79,Jugador252,Jugador248,Jugador142,Jugador53,Jugador341,Jugador127,Jugador113,Jugador137,Jugador187,Jugador383",Jugador88;Jugador395,Jugador223;Jugador313,,,
8,1,Everton,Nottingham Forest,2,4,Jugador336;Jugador8;Jugador93;Jugador221;Jugador170;Jugador381,Jugador400;Jugador356;Jugador242;Jugador170;Jugador286,,"Jugador301,Jugador63,Jugador237,Jugador163,Jugador186,Jugador363,Jugador245,Jugador291,Jugador90,Jugador178,Jugador114","Jugador303,Jugador363,Jugador6,Jugador122,Jugador245,Jugador274,Jugador235,Jugador73,Jugador168,Jugador151,Jugador376",Jugador315;Jugador108;Jugador4;Jugador335,Jugador324;Jugador227,,,
9,1,Brentford,Sheffield United,4,1,Jugador21;Jugador279;Jugador355;Jugador66;Jugador44,Jugador278;Jugador28;Jugador236;Jugador50,,"Jugador351,Jugador122,Jugador290,Jugador383,Jugador352,Jugador77,Jugador157,Jugador73,Jugador254,Jugador355,Jugador319","Jugador298,Jugador60,Jugador162,Jugador213,Jugador122,Jugador229,Jugador238,Jugador372,Jugador108,Jugador264,Jugador110",,,,,
10,1,Manchester United,Liverpool,1,2,Jugador94;Jugador273;Jugador379,Jugador359;Jugador156,,"Jugador307,Jugador333,Jugador355,Jugador346,Jugador13,Jugador4,Jugador205,Jugador201,Jugador249,Jugador72,Jugador169","Jugador97,Jugador71,Jugador345,Jugador125,Jugador318,Jugador331,Jugador168,Jugador14,Jugador44,Jugador13,Jugador123",,Jugador338,,,
11,2,Brentford,Nottingham Forest,1,3,Jugador77;Jugador56;Jugador8;Jugador100,Jugador48;Jugador337;Jugador289,,"Jugador139,Jugador141,Jugador177,Jugador7,Jugador377,Jugador195,Jugador253,Jugador318,Jugador20,Jugador300,Jugador189","Jugador35,Jugador119,Jugador318,Jugador172,Jugador76,Jugador69,Jugador319,Jugador331,Jugador268,Jugador270,Jugador143",Jugador309;Jugador91;Jugador52,Jugador199;Jugador21,,,
12,2,Everton,Luton Town,2,1,Jugador263;Jugador103;Jugador367,Jugador245;Jugador221,,"Jugador121,Jugador141,Jugador308,Jugador223,Jugador75,Jugador106,Jugador81,Jugador265,Jugador289,Jugador268,Jugador134","Jugador112,Jugador267,Jugador91,Jugador374,Jugador45,Jugador366,Jugador200,Jugador11,Jugador153,Jugador141,Jugador263",Jugador330;Jugador58;Jugador295,Jugador295;Jugador250,,,
13,2,Crystal Palace,Liverpool,4,1,Jugador370;Jugador316;Jugador285;Jugador378;Jugador96,Jugador245;Jugador119;Jugador109;Jugador93,,"Jugador117,Jugador282,Jugador182,Jugador179,Jugador142,Jugador245,Jugador367,Jugador52,Jugador109,Jugador307,Jugador120","Jugador183,Jugador153,Jugador61,Jugador163,Jugador390,Jugador36,Jugador368,Jugador315,Jugador104,Jugador336,Jugador192",Jugador121;Jugador29;Jugador45;Jugador147;Jugador174,Jugador355,,,
14,2,Bournemouth,Manchester City,2,2,Jugador14;Jugador336;Jugador191;Jugador306,Jugador175;Jugador324;Jugador350,,"Jugador223,Jugador13,Jugador365,Jugador168,Jugador209,Jugador335,Jugador269,Jugador84,Jugador15,Jugador346,Jugador45","Jugador45,Jugador314,Jugador220,Jugador62,Jugador134,Jugador327,Jugador114,Jugador8,Jugador383,Jugador169,Jugador93",Jugador315;Jugador232;Jugador371;Jugador347;Jugador393;Jugador212,Jugador377,,,
15,2,Aston Villa,Manchester United,4,2,Jugador216;Jugador192;Jugador326;Jugador35;Jugador334;Jugador155,Jugador197;Jugador91;Jugador314;Jugador311;Jugador54,,"Jugador93,Jugador350,Jugador366,Jugador317,Jugador114,Jugador73,Jugador118,Jugador309,Jugador198,Jugador205,Jugador290","Jugador379,Jugador299,Jugador65,Jugador308,Jugador104,Jugador387,Jugador137,Jugador358,Jugador294,Jugador146,Jugador266",,,,,
16,2,Chelsea,Wolves,1,0,Jugador365,,Jugador365 (penalti),"Jugador13,Jugador98,Jugador124,Jugador49,Jugador382,Jugador262,Jugador61,Jugador204,Jugador287,Jugador102,Jugador334","Jugador23,Jugador399,Jugador349,Jugador281,Jugador120,Jugador323,Jugador238,Jugador30,Jugador215,Jugador95,Jugador140",Jugador56;Jugador303;Jugador70;Jugador68;Jugador123;Jugador48,,,,
17,2,Tottenham,Newcastle,4,2,Jugador231;Jugador98;Jugador283;Jugador86;Jugador221;Jugador183,Jugador351;Jugador92;Jugador251;Jugador264;Jugador320,,"Jugador99,Jugador342,Jugador103,Jugador278,Jugador195,Jugador351,Jugador249,Jugador279,Jugador300,Jugador161,Jugador393","Jugador294,Jugador285,Jugador317,Jugador148,Jugador198,Jugador391,Jugador244,Jugador241,Jugador253,Jugador151,Jugador250",Jugador210;Jugador179;Jugador314;Jugador235;Jugador41;Jugador266,,,Jugador124 (lesión),Staff Newcastle (amarilla)
18,2,Fulham,West Ham,0,1,Jugador349,,,"Jugador311,Jugador145,Jugador7,Jugador40,Jugador10,Jugador348,Jugador176,Jugador83,Jugador222,Jugador328,Jugador106","Jugador78,Jugador62,Jugador273,Jugador47,Jugador84,Jugador278,Jugador18,Jugador182,Jugador337,Jugador93,Jugador115",,Jugador313;Jugador278,,,
19,2,Arsenal,Burnley,2,3,Jugador123;Jugador236;Jugador185;Jugador154;Jugador14,Jugador328;Jugador1;Jugador114;Jugador284,,"Jugador128,Jugador326,Jugador382,Jugador289,Jugador76,Jugador351,Jugador116,Jugador176,Jugador360,Jugador37,Jugador53","Jugador170,Jugador143,Jugador274,Jugador25,Jugador38,Jugador110,Jugador95,Jugador283,Jugador233,Jugador126,Jugador264",Jugador59;Jugador251,Jugador139,,,
20,2,Sheffield United,Brighton,2,0,Jugador60;Jugador4,Jugador102,Jugador60 (penalti),"Jugador355,Jugador185,Jugador92,Jugador347,Jugador361,Jugador129,Jugador224,Jugador154,Jugador103,Jugador215,Jugador265","Jugador320,Jugador234,Jugador235,Jugador15,Jugador361,Jugador306,Jugador389,Jugador154,Jugador117,Jugador387,Jugador307",Jugador390;Jugador394;Jugador350;Jugador103;Jugador358;Jugador330,Jugador233;Jugador290,,,Staff Brighton (amarilla)
21,3,Crystal Palace,Tottenham,3,0,Jugador274;Jugador169;Jugador206,Jugador111;Jugador35,,"Jugador129,Jugador399,Jugador44,Jugador221,Jugador49,Jugador368,Jugador256,Jugador298,Jugador361,Jugador274,Jugador353","Jugador203,Jugador374,Jugador165,Jugador389,Jugador356,Jugador321,Jugador90,Jugador205,Jugador163,Jugador361,Jugador354",Jugador387,Jugador187;Jugador269,,,
22,3,Nottingham Forest,Aston Villa,1,2,Jugador188;Jugador4;Jugador194,Jugador345;Jugador1,,"Jugador107,Jugador264,Jugador64,Jugador53,Jugador273,Jugador77,Jugador340,Jugador342,Jugador186,Jugador159,Jugador246","Jugador47,Jugador341,Jugador285,Jugador290,Jugador127,Jugador202,Jugador328,Jugador282,Jugador319,Jugador344,Jugador156",Jugador368;Jugador381;Jugador130,Jugador352,,,Staff Aston Villa (amarilla)
23,3,Newcastle,West Ham,0,4,Jugador163;Jugador186;Jugador87;Jugador5,Jugador14;Jugador214;Jugador334,,"Jugador114,Jugador71,Jugador87,Jugador79,Jugador144,Jugador103,Jugador121,Jugador60,Jugador84,Jugador391,Jugador329","Jugador6,Jugador4,Jugador196,Jugador61,Jugador162,Jugador99,Jugador363,Jugador123,Jugador189,Jugador260,Jugador119",Jugador257;Jugador17;Jugador219;Jugador167;Jugador399,Jugador361,,Jugador103 (lesión),
24,3,Liverpool,Everton,1,0,Jugador162,,,"Jugador289,Jugador285,Jugador359,Jugador270,Jugador64,Jugador59,Jugador208,Jugador175,Jugador184,Jugador32,Jugador263","Jugador155,Jugador83,Jugador257,Jugador235,Jugador241,Jugador5,Jugador109,Jugador2,Jugador128,Jugador159,Jugador288",Jugador52;Jugador19;Jugador183,,,,
25,3,Manchester United,Brighton,1,0,Jugador370,,Jugador370 (penalti),"Jugador144,Jugador394,Jugador351,Jugador330,Jugador61,Jugador119,Jugador160,Jugador197,Jugador39,Jugador201,Jugador143","Jugador158,Jugador210,Jugador238,Jugador246,Jugador183,Jugador33,Jugador92,Jugador57,Jugador248,Jugador79,Jugador19",Jugador168,Jugador267,,,
26,3,Arsenal,Wolves,0,4,Jugador251;Jugador31;Jugador387;Jugador397,Jugador290;Jugador159;Jugador379,,"Jugador399,Jugador256,Jugador111,Jugador396,Jugador183,Jugador116,Jugador67,Jugador233,Jugador142,Jugador156,Jugador357","Jugador184,Jugador379,Jugador391,Jugador166,Jugador383,Jugador123,Jugador185,Jugador214,Jugador138,Jugador59,Jugador106",Jugador28;Jugador264;Jugador5;Jugador128;Jugador377;Jugador160,Jugador352,,Jugador277 (lesión),
27,3,Manchester City,Bournemouth,3,3,Jugador88;Jugador317;Jugador368;Jugador204;Jugador225;Jugador170,Jugador180;Jugador137;Jugador33;Jugador250;Jugador178,,"Jugador27,Jugador9,Jugador330,Jugador258,Jugador285,Jugador51,Jugador84,Jugador214,Jugador54,Jugador153,Jugador385","Jugador277,Jugador267,Jugador213,Jugador101,Jugador380,Jugador385,Jugador296,Jugador338,Jugador201,Jugador75,Jugador219",Jugador360,Jugador92;Jugador76,,Jugador286 (lesión),
28,3,Burnley,Sheffield United,2,3,Jugador231;Jugador65;Jugador109;Jugador350;Jugador241,Jugador166;Jugador326;Jugador362;Jugador378,,"Jugador248,Jugador70,Jugador190,Jugador223,Jugador273,Jugador211,Jugador165,Jugador28,Jugador237,Jugador398,Jugador127","Jugador88,Jugador101,Jugador294,Jugador317,Jugador215,Jugador14,Jugador25,Jugador72,Jugador150,Jugador166,Jugador226",Jugador171;Jugador16;Jugador25;Jugador127,,,,
29,3,Chelsea,Luton Town,2,3,Jugador164;Jugador386;Jugador297;Jugador223;Jugador280,Jugador36;Jugador220;Jugador68;Jugador146,Jugador164 (penalti),"Jugador275,Jugador386,Jugador27,Jugador288,Jugador196,Jugador256,Jugador298,Jugador284,Jugador112,Jugador17,Jugador101","Jugador139,Jugador215,Jugador249,Jugador191,Jugador132,Jugador112,Jugador288,Jugador283,Jugador121,Jugador202,Jugador259",Jugador347,Jugador251,,,
30,3,Fulham,Brentford,4,2,Jugador384;Jugador194;Jugador113;Jugador354;Jugador33;Jugador188,Jugador349;Jugador169;Jugador276;Jugador267;Jugador95,,"Jugador347,Jugador175,Jugador257,Jugador323,Jugador389,Jugador211,Jugador272,Jugador395,Jugador143,Jugador43,Jugador279","Jugador152,Jugador331,Jugador344,Jugador233,Jugador255,Jugador170,Jugador84,Jugador207,Jugador160,Jugador161,Jugador113",Jugador347;Jugador181;Jugador59,,,Jugador384 (lesión),
31,4,Brighton,Liverpool,3,1,Jugador268;Jugador103;Jugador364;Jugador313,Jugador105;Jugador197;Jugador279,,"Jugador292,Jugador363,Jugador113,Jugador147,Jugador158,Jugador254,Jugador169,Jugador151,Jugador381,Jugador101,Jugador36","Jugador128,Jugador392,Jugador244,Jugador315,Jugador41,Jugador257,Jugador222,Jugador59,Jugador99,Jugador142,Jugador157",Jugador86;Jugador224,Jugador342,,,
32,4,Aston Villa,Chelsea,2,3,Jugador87;Jugador275;Jugador146;Jugador8;Jugador189,Jugador295;Jugador42;Jugador93;Jugador5,,"Jugador292,Jugador342,Jugador362,Jugador155,Jugador183,Jugador311,Jugador202,Jugador163,Jugador96,Jugador276,Jugador129","Jugador383,Jugador315,Jugador163,Jugador271,Jugador150,Jugador341,Jugador388,Jugador131,Jugador218,Jugador337,Jugador320",,,,,
33,4,Manchester City,Nottingham Forest,3,4,Jugador92;Jugador120;Jugador188;Jugador159;Jugador67;Jugador268;Jugador262,Jugador168;Jugador37;Jugador218;Jugador164;Jugador379;Jugador39,,"Jugador256,Jugador65,Jugador190,Jugador230,Jugador305,Jugador334,Jugador242,Jugador137,Jugador386,Jugador193,Jugador387","Jugador231,Jugador142,Jugador229,Jugador156,Jugador253,Jugador322,Jugador67,Jugador68,Jugador363,Jugador141,Jugador104",Jugador70;Jugador53;Jugador326;Jugador254;Jugador303;Jugador9,Jugador181,,,
34,4,Tottenham,Luton Town,2,3,Jugador170;Jugador108;Jugador126;Jugador21;Jugador97,Jugador71;Jugador24;Jugador178;Jugador116,,"Jugador171,Jugador208,Jugador310,Jugador196,Jugador178,Jugador182,Jugador304,Jugador275,Jugador23,Jugador318,Jugador202","Jugador81,Jugador396,Jugador106,Jugador202,Jugador378,Jugador34,Jugador301,Jugador128,Jugador251,Jugador330,Jugador267",Jugador206;Jugador325;Jugador196;Jugador385;Jugador135,Jugador86,,,
35,4,Fulham,Brentford,0,0,,,,"Jugador111,Jugador207,Jugador190,Jugador278,Jugador369,Jugador206,Jugador201,Jugador287,Jugador318,Jugador361,Jugador25","Jugador89,Jugador17,Jugador341,Jugador358,Jugador170,Jugador277,Jugador65,Jugador58,Jugador310,Jugador162,Jugador16",Jugador235,Jugador125;Jugador134,,Jugador318 (lesión),
36,4,Sheffield United,Manchester United,4,2,Jugador390;Jugador149;Jugador361;Jugador264;Jugador231;Jugador163,Jugador104;Jugador210;Jugador258;Jugador367;Jugador239,,"Jugador96,Jugador94,Jugador271,Jugador347,Jugador128,Jugador400,Jugador54,Jugador95,Jugador206,Jugador86,Jugador385","Jugador353,Jugador207,Jugador219,Jugador341,Jugador104,Jugador323,Jugador254,Jugador182,Jugador247,Jugador25,Jugador131",Jugador199;Jugador103;Jugador200;Jugador46;Jugador348;Jugador154,Jugador124;Jugador297,,,
37,4,West Ham,Newcastle,4,2,Jugador83;Jugador237;Jugador309;Jugador160;Jugador346;Jugador59,Jugador379;Jugador216;Jugador364;Jugador192;Jugador240,,"Jugador385,Jugador235,Jugador93,Jugador203,Jugador223,Jugador63,Jugador379,Jugador154,Jugador222,Jugador111,Jugador32","Jugador46,Jugador41,Jugador228,Jugador66,Jugador84,Jugador158,Jugador116,Jugador20,Jugador140,Jugador302,Jugador269",Jugador280;Jugador277;Jugador235;Jugador180,,Jugador280 (pierde próximo partido),,Staff Newcastle (amarilla)
38,4,Crystal Palace,Everton,2,2,Jugador79;Jugador200;Jugador346;Jugador4,Jugador261;Jugador197;Jugador362,Jugador79 (penalti),"Jugador325,Jugador356,Jugador161,Jugador353,Jugador104,Jugador298,Jugador34,Jugador106,Jugador184,Jugador373,Jugador162","Jugador131,Jugador350,Jugador278,Jugador179,Jugador41,Jugador361,Jugador181,Jugador21,Jugador227,Jugador192,Jugador122",Jugador268;Jugador266;Jugador141;Jugador346;Jugador48;Jugador166,Jugador226,,Jugador143 (lesión),
39,4,Wolves,Arsenal,1,2,Jugador339;Jugador122;Jugador61,Jugador220;Jugador140,,"Jugador166,Jugador40,Jugador154,Jugador108,Jugador59,Jugador4,Jugador46,Jugador374,Jugador328,Jugador164,Jugador352","Jugador259,Jugador307,Jugador258,Jugador141,Jugador46,Jugador166,Jugador233,Jugador175,Jugador274,Jugador303,Jugador331",Jugador246;Jugador355;Jugador185,Jugador264,,,
40,4,Bournemouth,Burnley,4,4,Jugador263;Jugador28;Jugador43;Jugador54;Jugador344;Jugador386;Jugador214;Jugador71,Jugador130;Jugador323;Jugador117;Jugador59;Jugador387;Jugador45;Jugador280,,"Jugador10,Jugador191,Jugador126,Jugador236,Jugador90,Jugador251,Jugador153,Jugador31,Jugador355,Jugador242,Jugador121","Jugador192,Jugador373,Jugador223,Jugador78,Jugador346,Jugador389,Jugador235,Jugador1,Jugador183,Jugador332,Jugador55",Jugador11;Jugador46,Jugador357;Jugador328,,,
41,5,West Ham,Luton Town,0,3,Jugador283;Jugador74;Jugador299,Jugador301;Jugador338,,"Jugador158,Jugador35,Jugador337,Jugador228,Jugador313,Jugador156,Jugador92,Jugador330,Jugador119,Jugador286,Jugador189","Jugador173,Jugador302,Jugador150,Jugador278,Jugador329,Jugador310,Jugador313,Jugador76,Jugador338,Jugador203,Jugador276",,Jugador21,,,
42,5,Manchester City,Liverpool,0,1,Jugador371,,Jugador371 (penalti),"Jugador167,Jugador338,Jugador107,Jugador140,Jugador67,Jugador11,Jugador370,Jugador341,Jugador36,Jugador79,Jugador161","Jugador35,Jugador334,Jugador102,Jugador238,Jugador368,Jugador278,Jugador82,Jugador223,Jugador220,Jugador291,Jugador339",,Jugador41,,,
43,5,Crystal Palace,Burnley,3,2,Jugador262;Jugador80;Jugador142;Jugador185;Jugador285,Jugador119;Jugador96;Jugador338;Jugador29,,"Jugador334,Jugador82,Jugador237,Jugador324,Jugador217,Jugador176,Jugador164,Jugador127,Jugador323,Jugador242,Jugador147","Jugador381,Jugador180,Jugador51,Jugador109,Jugador325,Jugador297,Jugador130,Jugador111,Jugador89,Jugador333,Jugador116",Jugador327;Jugador35;Jugador1;Jugador182,Jugador219;Jugador304,,,
44,5,Newcastle,Tottenham,1,1,Jugador308;Jugador224,Jugador324,Jugador308 (penalti),"Jugador198,Jugador379,Jugador322,Jugador310,Jugador59,Jugador342,Jugador207,Jugador159,Jugador158,Jugador240,Jugador277","Jugador148,Jugador290,Jugador285,Jugador9,Jugador41,Jugador79,Jugador189,Jugador372,Jugador255,Jugador7,Jugador81",,,,,
45,5,Arsenal,Fulham,2,3,Jugador21;Jugador25;Jugador160;Jugador149;Jugador280,Jugador35;Jugador332;Jugador42;Jugador75,,"Jugador232,Jugador314,Jugador54,Jugador86,Jugador122,Jugador81,Jugador198,Jugador289,Jugador332,Jugador177,Jugador390","Jugador194,Jugador309,Jugador392,Jugador398,Jugador253,Jugador198,Jugador275,Jugador330,Jugador247,Jugador217,Jugador319",Jugador56;Jugador135,Jugador222;Jugador125,,,Staff Fulham (amarilla)
46,5,Everton,Chelsea,2,1,Jugador350;Jugador332;Jugador358,Jugador255;Jugador170,,"Jugador13,Jugador170,Jugador4,Jugador381,Jugador10,Jugador348,Jugador197,Jugador326,Jugador163,Jugador261,Jugador74","Jugador312,Jugador274,Jugador10,Jugador207,Jugador35,Jugador334,Jugador255,Jugador205,Jugador25,Jugador77,Jugador254",Jugador143;Jugador325;Jugador224;Jugador270;Jugador118;Jugador183,Jugador336;Jugador179,,,
47,5,Nottingham Forest,Brighton,2,0,Jugador30;Jugador4,Jugador58,,"Jugador236,Jugador121,Jugador130,Jugador2,Jugador48,Jugador206,Jugador395,Jugador70,Jugador179,Jugador213,Jugador10","Jugador393,Jugador103,Jugador322,Jugador208,Jugador220,Jugador387,Jugador372,Jugador289,Jugador320,Jugador31,Jugador270",Jugador238;Jugador99;Jugador13;Jugador321;Jugador302;Jugador178,Jugador329,,,
48,5,Wolves,Aston Villa,2,4,Jugador376;Jugador365;Jugador396;Jugador373;Jugador11;Jugador278,Jugador210;Jugador31;Jugador236;Jugador332;Jugador92,Jugador376 (penalti),"Jugador264,Jugador25,Jugador340,Jugador265,Jugador187,Jugador293,Jugador314,Jugador254,Jugador347,Jugador295,Jugador228","Jugador58,Jugador219,Jugador106,Jugador287,Jugador335,Jugador101,Jugador111,Jugador300,Jugador177,Jugador374,Jugador362",Jugador253;Jugador238;Jugador9;Jugador349;Jugador185;Jugador152,Jugador47;Jugador3,,,
49,5,Sheffield United,Bournemouth,0,3,Jugador208;Jugador95;Jugador141,Jugador189;Jugador400,,"Jugador269,Jugador273,Jugador40,Jugador18,Jugador309,Jugador194,Jugador191,Jugador220,Jugador120,Jugador358,Jugador381","Jugador332,Jugador187,Jugador398,Jugador80,Jugador296,Jugador139,Jugador96,Jugador379,Jugador388,Jugador97,Jugador275",,Jugador286;Jugador29,,,
50,5,Manchester United,Brentford,2,0,Jugador284;Jugador350,Jugador245,Jugador284 (penalti),"Jugador115,Jugador112,Jugador240,Jugador228,Jugador300,Jugador58,Jugador390,Jugador219,Jugador30,Jugador251,Jugador359","Jugador78,Jugador192,Jugador19,Jugador325,Jugador6,Jugador136,Jugador37,Jugador175,Jugador69,Jugador22,Jugador307",Jugador246;Jugador125,Jugador317,,Jugador367 (lesión),Staff Brentford (amarilla)
51,6,Tottenham,Chelsea,3,2,Jugador128;Jugador146;Jugador203;Jugador340;Jugador296,Jugador238;Jugador34;Jugador230;Jugador204,,"Jugador324,Jugador120,Jugador91,Jugador97,Jugador375,Jugador41,Jugador314,Jugador329,Jugador8,Jugador147,Jugador202","Jugador343,Jugador144,Jugador239,Jugador193,Jugador49,Jugador294,Jugador238,Jugador339,Jugador201,Jugador179,Jugador265",Jugador59;Jugador361,Jugador370,,,
52,6,Aston Villa,Brighton,0,3,Jugador137;Jugador226;Jugador159,Jugador343;Jugador33,,"Jugador254,Jugador122,Jugador172,Jugador47,Jugador196,Jugador256,Jugador214,Jugador392,Jugador94,Jugador345,Jugador139","Jugador79,Jugador103,Jugador24,Jugador383,Jugador231,Jugador27,Jugador17,Jugador179,Jugador93,Jugador256,Jugador323",Jugador257;Jugador300,,,,
53,6,Manchester United,Fulham,4,3,Jugador281;Jugador184;Jugador337;Jugador148;Jugador395;Jugador164;Jugador161,Jugador272;Jugador41;Jugador127;Jugador106;Jugador187;Jugador9,,"Jugador57,Jugador219,Jugador324,Jugador275,Jugador354,Jugador86,Jugador201,Jugador226,Jugador67,Jugador388,Jugador300","Jugador279,Jugador47,Jugador345,Jugador132,Jugador386,Jugador283,Jugador16,Jugador100,Jugador199,Jugador52,Jugador363",Jugador5;Jugador346;Jugador13;Jugador219,Jugador179;Jugador298,,,
54,6,Bournemouth,Burnley,4,1,Jugador3;Jugador185;Jugador309;Jugador97;Jugador58,Jugador324;Jugador69;Jugador392;Jugador205,,"Jugador8,Jugador72,Jugador337,Jugador67,Jugador99,Jugador323,Jugador237,Jugador42,Jugador306,Jugador79,Jugador270","Jugador361,Jugador319,Jugador120,Jugador128,Jugador59,Jugador363,Jugador342,Jugador76,Jugador321,Jugador178,Jugador339",Jugador19;Jugador100;Jugador321;Jugador189;Jugador232,,,,Staff Burnley (amarilla)
55,6,Brentford,Nottingham Forest,1,0,Jugador15,,,"Jugador326,Jugador354,Jugador197,Jugador204,Jugador29,Jugador14,Jugador104,Jugador275,Jugador151,Jugador138,Jugador102","Jugador28,Jugador210,Jugador252,Jugador202,Jugador302,Jugador286,Jugador157,Jugador150,Jugador154,Jugador355,Jugador125",,Jugador85;Jugador272,,,
56,6,Crystal Palace,Luton Town,2,3,Jugador203;Jugador156;Jugador199;Jugador352;Jugador168,Jugador101;Jugador169;Jugador51;Jugador96,,"Jugador317,Jugador200,Jugador217,Jugador87,Jugador221,Jugador94,Jugador68,Jugador72,Jugador40,Jugador328,Jugador238","Jugador2,Jugador48,Jugador254,Jugador162,Jugador287,Jugador63,Jugador154,Jugador216,Jugador351,Jugador79,Jugador45",Jugador137;Jugador14;Jugador325;Jugador246;Jugador324;Jugador313,Jugador186,,,
57,6,Newcastle,Everton,0,3,Jugador296;Jugador51;Jugador269,Jugador19;Jugador381,Jugador296 (penalti),"Jugador352,Jugador378,Jugador11,Jugador223,Jugador217,Jugador234,Jugador292,Jugador351,Jugador314,Jugador251,Jugador207","Jugador254,Jugador61,Jugador239,Jugador93,Jugador149,Jugador8,Jugador190,Jugador278,Jugador321,Jugador266,Jugador315",Jugador208;Jugador362;Jugador121;Jugador303;Jugador172,,,Jugador320 (lesión),Staff Everton (amarilla)
58,6,Wolves,Manchester City,3,3,Jugador314;Jugador288;Jugador176;Jugador30;Jugador7;Jugador220,Jugador191;Jugador324;Jugador112;Jugador210;Jugador360,,"Jugador83,Jugador13,Jugador7,Jugador236,Jugador380,Jugador257,Jugador49,Jugador136,Jugador187,Jugador105,Jugador344","Jugador139,Jugador313,Jugador213,Jugador258,Jugador296,Jugador84,Jugador20,Jugador281,Jugador386,Jugador228,Jugador306",,,,,
59,6,West Ham,Arsenal,3,4,Jugador270;Jugador363;Jugador200;Jugador381;Jugador34;Jugador320;Jugador99,Jugador141;Jugador64;Jugador163;Jugador362;Jugador35;Jugador22,,"Jugador396,Jugador109,Jugador132,Jugador19,Jugador11,Jugador7,Jugador164,Jugador355,Jugador386,Jugador147,Jugador329","Jugador97,Jugador186,Jugador277,Jugador171,Jugador289,Jugador299,Jugador52,Jugador21,Jugador116,Jugador26,Jugador352",Jugador113;Jugador171;Jugador121;Jugador187,,,,
60,6,Sheffield United,Liverpool,4,2,Jugador7;Jugador192;Jugador190;Jugador254;Jugador337;Jugador93,Jugador395;Jugador107;Jugador261;Jugador396;Jugador29,,"Jugador31,Jugador351,Jugador247,Jugador20,Jugador258,Jugador37,Jugador237,Jugador81,Jugador375,Jugador309,Jugador389","Jugador312,Jugador143,Jugador224,Jugador128,Jugador38,Jugador253,Jugador280,Jugador136,Jugador388,Jugador213,Jugador28",Jugador15;Jugador23,,,,Staff Liverpool (amarilla)
61,7,Manchester City,Bournemouth,1,1,Jugador392;Jugador110,Jugador193,Jugador392 (penalti),"Jugador161,Jugador156,Jugador371,Jugador227,Jugador364,Jugador286,Jugador182,Jugador366,Jugador8,Jugador54,Jugador285","Jugador395,Jugador255,Jugador47,Jugador330,Jugador195,Jugador371,Jugador91,Jugador358,Jugador107,Jugador164,Jugador362",Jugador382,Jugador240;Jugador91,,,
62,7,Brighton,Luton Town,0,2,Jugador142;Jugador396,Jugador37,,"Jugador79,Jugador372,Jugador365,Jugador144,Jugador103,Jugador364,Jugador208,Jugador359,Jugador12,Jugador334,Jugador299","Jugador142,Jugador195,Jugador179,Jugador35,Jugador283,Jugador271,Jugador97,Jugador156,Jugador163,Jugador16,Jugador125",Jugador55,Jugador193,,,
63,7,West Ham,Liverpool,2,1,Jugador397;Jugador225;Jugador295,Jugador147;Jugador229,,"Jugador39,Jugador335,Jugador142,Jugador237,Jugador353,Jugador238,Jugador21,Jugador105,Jugador143,Jugador244,Jugador146","Jugador348,Jugador107,Jugador291,Jugador43,Jugador30,Jugador68,Jugador271,Jugador49,Jugador250,Jugador287,Jugador19",,Jugador367,,Jugador278 (lesión),
64,7,Nottingham Forest,Manchester United,4,4,Jugador212;Jugador352;Jugador260;Jugador331;Jugador296;Jugador374;Jugador65;Jugador125,Jugador71;Jugador174;Jugador322;Jugador269;Jugador141;Jugador161;Jugador140,,"Jugador315,Jugador307,Jugador202,Jugador45,Jugador102,Jugador217,Jugador98,Jugador77,Jugador389,Jugador269,Jugador332","Jugador228,Jugador123,Jugador238,Jugador398,Jugador191,Jugador168,Jugador362,Jugador321,Jugador199,Jugador218,Jugador212",Jugador224,Jugador126,,,
65,7,Arsenal,Newcastle,2,4,Jugador284;Jugador171;Jugador387;Jugador150;Jugador266;Jugador218,Jugador336;Jugador45;Jugador238;Jugador395;Jugador394,,"Jugador130,Jugador188,Jugador25,Jugador351,Jugador109,Jugador79,Jugador208,Jugador349,Jugador314,Jugador361,Jugador269","Jugador290,Jugador15,Jugador46,Jugador232,Jugador132,Jugador25,Jugador223,Jugador220,Jugador274,Jugador373,Jugador210",Jugador301,,,,
66,7,Sheffield United,Aston Villa,0,0,,,,"Jugador236,Jugador272,Jugador63,Jugador117,Jugador181,Jugador287,Jugador349,Jugador316,Jugador377,Jugador340,Jugador216","Jugador361,Jugador230,Jugador14,Jugador208,Jugador304,Jugador109,Jugador364,Jugador149,Jugador228,Jugador1,Jugador116",Jugador375;Jugador294;Jugador68;Jugador202;Jugador356;Jugador396,,,,
67,7,Brentford,Burnley,1,4,Jugador71;Jugador156;Jugador150;Jugador214;Jugador23,Jugador222;Jugador79;Jugador53;Jugador116,,"Jugador24,Jugador117,Jugador225,Jugador268,Jugador151,Jugador285,Jugador157,Jugador312,Jugador56,Jugador262,Jugador149","Jugador308,Jugador195,Jugador102,Jugador174,Jugador40,Jugador369,Jugador117,Jugador284,Jugador318,Jugador285,Jugador93",Jugador265;Jugador297;Jugador60;Jugador245;Jugador259;Jugador111,,,Jugador33 (lesión),
68,7,Everton,Tottenham,1,0,Jugador113,,Jugador113 (penalti),"Jugador296,Jugador50,Jugador282,Jugador182,Jugador95,Jugador169,Jugador230,Jugador100,Jugador213,Jugador41,Jugador325","Jugador341,Jugador305,Jugador297,Jugador268,Jugador318,Jugador176,Jugador109,Jugador321,Jugador355,Jugador227,Jugador233",Jugador296;Jugador39,Jugador24;Jugador388,,,
69,7,Chelsea,Crystal Palace,3,0,Jugador209;Jugador374;Jugador399,Jugador105;Jugador381,,"Jugador302,Jugador217,Jugador268,Jugador242,Jugador263,Jugador180,Jugador171,Jugador198,Jugador17,Jugador271,Jugador135","Jugador346,Jugador48,Jugador53,Jugador344,Jugador116,Jugador192,Jugador15,Jugador31,Jugador155,Jugador271,Jugador156",,Jugador65;Jugador173,,,
70,7,Fulham,Wolves,1,0,Jugador21,,,"Jugador191,Jugador340,Jugador219,Jugador313,Jugador222,Jugador279,Jugador341,Jugador185,Jugador92,Jugador74,Jugador228","Jugador59,Jugador120,Jugador227,Jugador77,Jugador391,Jugador390,Jugador192,Jugador364,Jugador396,Jugador295,Jugador143",Jugador280;Jugador74,Jugador68,,,
71,8,Fulham,Arsenal,4,4,Jugador272;Jugador288;Jugador301;Jugador203;Jugador31;Jugador341;Jugador389;Jugador400,Jugador375;Jugador143;Jugador111;Jugador294;Jugador304;Jugador218;Jugador170,,"Jugador252,Jugador319,Jugador346,Jugador334,Jugador306,Jugador66,Jugador238,Jugador391,Jugador41,Jugador324,Jugador333","Jugador147,Jugador137,Jugador120,Jugador114,Jugador358,Jugador85,Jugador353,Jugador157,Jugador341,Jugador188,Jugador203",Jugador227;Jugador369;Jugador94;Jugador103;Jugador55,Jugador77,,,
72,8,Aston Villa,Newcastle,2,1,Jugador322;Jugador385;Jugador172,Jugador294;Jugador287,,"Jugador221,Jugador279,Jugador77,Jugador159,Jugador299,Jugador328,Jugador44,Jugador62,Jugador227,Jugador213,Jugador173","Jugador310,Jugador55,Jugador2,Jugador51,Jugador278,Jugador12,Jugador261,Jugador216,Jugador60,Jugador188,Jugador356",Jugador178;Jugador348;Jugador155;Jugador168;Jugador35;Jugador297,Jugador397,,,
73,8,West Ham,Brentford,0,0,,,,"Jugador281,Jugador226,Jugador140,Jugador57,Jugador174,Jugador326,Jugador241,Jugador169,Jugador130,Jugador308,Jugador227","Jugador26,Jugador274,Jugador295,Jugador105,Jugador272,Jugador21,Jugador318,Jugador353,Jugador95,Jugador347,Jugador358",Jugador133;Jugador314;Jugador128,Jugador223,,,
74,8,Liverpool,Bournemouth,4,1,Jugador223;Jugador221;Jugador46;Jugador130;Jugador180,Jugador286;Jugador216;Jugador376;Jugador13,,"Jugador247,Jugador287,Jugador239,Jugador105,Jugador372,Jugador309,Jugador335,Jugador248,Jugador333,Jugador4,Jugador98","Jugador40,Jugador221,Jugador363,Jugador208,Jugador180,Jugador99,Jugador35,Jugador145,Jugador332,Jugador176,Jugador251",Jugador40;Jugador379,,,,
75,8,Tottenham,Sheffield United,3,0,Jugador95;Jugador399;Jugador203,Jugador398;Jugador135,,"Jugador56,Jugador361,Jugador101,Jugador254,Jugador164,Jugador295,Jugador354,Jugador13,Jugador5,Jugador277,Jugador287","Jugador258,Jugador379,Jugador326,Jugador275,Jugador400,Jugador261,Jugador325,Jugador280,Jugador317,Jugador135,Jugador75",Jugador26;Jugador89;Jugador389;Jugador218;Jugador25,,,Jugador214 (lesión),
76,8,Nottingham Forest,Burnley,3,4,Jugador128;Jugador324;Jugador284;Jugador79;Jugador214;Jugador354;Jugador201,Jugador207;Jugador354;Jugador339;Jugador171;Jugador281;Jugador116,,"Jugador399,Jugador235,Jugador311,Jugador247,Jugador397,Jugador92,Jugador74,Jugador31,Jugador34,Jugador14,Jugador360","Jugador349,Jugador252,Jugador75,Jugador14,Jugador148,Jugador28,Jugador383,Jugador372,Jugador179,Jugador360,Jugador103",,Jugador141,,Jugador177 (lesión),Staff Burnley (amarilla)
77,8,Wolves,Chelsea,4,4,Jugador206;Jugador286;Jugador59;Jugador40;Jugador14;Jugador177;Jugador197;Jugador331,Jugador276;Jugador261;Jugador127;Jugador102;Jugador212;Jugador88;Jugador321,Jugador206 (penalti),"Jugador321,Jugador65,Jugador297,Jugador147,Jugador158,Jugador122,Jugador369,Jugador180,Jugador216,Jugador227,Jugador267","Jugador18,Jugador10,Jugador218,Jugador282,Jugador106,Jugador9,Jugador207,Jugador38,Jugador290,Jugador24,Jugador180",Jugador61;Jugador155;Jugador324,Jugador143;Jugador226,,,
78,8,Crystal Palace,Luton Town,2,0,Jugador327;Jugador248,Jugador115,,"Jugador192,Jugador245,Jugador322,Jugador240,Jugador115,Jugador217,Jugador261,Jugador390,Jugador195,Jugador262,Jugador34","Jugador394,Jugador156,Jugador228,Jugador173,Jugador290,Jugador79,Jugador116,Jugador141,Jugador317,Jugador227,Jugador320",Jugador309;Jugador128,Jugador345,,,
79,8,Manchester United,Brighton,3,3,Jugador132;Jugador38;Jugador227;Jugador292;Jugador146;Jugador30,Jugador43;Jugador223;Jugador220;Jugador67;Jugador175,,"Jugador83,Jugador110,Jugador340,Jugador345,Jugador117,Jugador383,Jugador290,Jugador170,Jugador53,Jugador15,Jugador98","Jugador196,Jugador31,Jugador375,Jugador65,Jugador201,Jugador183,Jugador394,Jugador363,Jugador145,Jugador107,Jugador149",Jugador87;Jugador310;Jugador366,Jugador204,,,
80,8,Everton,Manchester City,2,1,Jugador206;Jugador198;Jugador314,Jugador110;Jugador167,,"Jugador169,Jugador181,Jugador84,Jugador312,Jugador183,Jugador225,Jugador341,Jugador192,Jugador392,Jugador333,Jugador385","Jugador304,Jugador301,Jugador78,Jugador194,Jugador358,Jugador193,Jugador381,Jugador95,Jugador11,Jugador171,Jugador37",,Jugador214;Jugador26,,,
81,9,West Ham,Manchester United,4,3,Jugador147;Jugador261;Jugador124;Jugador34;Jugador260;Jugador117;Jugador379,Jugador322;Jugador219;Jugador236;Jugador42;Jugador198;Jugador104,,"Jugador346,Jugador115,Jugador21,Jugador9,Jugador261,Jugador288,Jugador251,Jugador135,Jugador321,Jugador323,Jugador82","Jugador137,Jugador220,Jugador328,Jugador37,Jugador277,Jugador360,Jugador96,Jugador318,Jugador399,Jugador123,Jugador121",Jugador375;Jugador90;Jugador86,,Jugador90 (pierde próximo partido),,
82,9,Tottenham,Chelsea,3,4,Jugador119;Jugador263;Jugador296;Jugador382;Jugador167;Jugador234;Jugador151,Jugador233;Jugador286;Jugador240;Jugador76;Jugador3;Jugador174,,"Jugador302,Jugador38,Jugador193,Jugador384,Jugador75,Jugador119,Jugador72,Jugador85,Jugador217,Jugador228,Jugador295","Jugador125,Jugador394,Jugador215,Jugador23,Jugador149,Jugador209,Jugador231,Jugador48,Jugador102,Jugador21,Jugador161",Jugador124;Jugador149;Jugador113;Jugador173;Jugador151;Jugador74,Jugador101;Jugador219,,,
83,9,Aston Villa,Everton,1,3,Jugador82;Jugador167;Jugador360;Jugador131,Jugador394;Jugador383;Jugador350,Jugador82 (penalti),"Jugador97,Jugador228,Jugador388,Jugador266,Jugador276,Jugador4,Jugador208,Jugador237,Jugador129,Jugador79,Jugador257","Jugador24,Jugador301,Jugador294,Jugador239,Jugador194,Jugador33,Jugador86,Jugador155,Jugador157,Jugador147,Jugador225",Jugador66,Jugador180;Jugador242,,,
84,9,Fulham,Crystal Palace,4,3,Jugador75;Jugador276;Jugador364;Jugador294;Jugador354;Jugador157;Jugador41,Jugador282;Jugador134;Jugador328;Jugador30;Jugador95;Jugador349,,"Jugador249,Jugador353,Jugador116,Jugador296,Jugador235,Jugador333,Jugador385,Jugador325,Jugador373,Jugador129,Jugador327","Jugador394,Jugador391,Jugador169,Jugador200,Jugador152,Jugador327,Jugador306,Jugador78,Jugador312,Jugador332,Jugador375",Jugador362,Jugador148,,,
85,9,Sheffield United,Liverpool,3,0,Jugador229;Jugador32;Jugador232,Jugador340;Jugador210,,"Jugador52,Jugador205,Jugador131,Jugador4,Jugador114,Jugador397,Jugador11,Jugador245,Jugador269,Jugador324,Jugador374","Jugador256,Jugador250,Jugador3,Jugador243,Jugador245,Jugador391,Jugador140,Jugador363,Jugador305,Jugador46,Jugador93",Jugador65;Jugador90;Jugador129;Jugador232,,,,
86,9,Wolves,Luton Town,4,0,Jugador244;Jugador40;Jugador155;Jugador361,Jugador144;Jugador294;Jugador225,,"Jugador235,Jugador381,Jugador284,Jugador116,Jugador52,Jugador255,Jugador95,Jugador53,Jugador279,Jugador312,Jugador140","Jugador388,Jugador376,Jugador274,Jugador91,Jugador144,Jugador275,Jugador352,Jugador114,Jugador345,Jugador262,Jugador357",Jugador179;Jugador122;Jugador381;Jugador45;Jugador47,,,,
87,9,Newcastle,Brentford,2,2,Jugador239;Jugador74;Jugador155;Jugador366,Jugador65;Jugador18;Jugador328,,"Jugador80,Jugador121,Jugador47,Jugador221,Jugador213,Jugador272,Jugador61,Jugador188,Jugador291,Jugador352,Jugador326","Jugador236,Jugador341,Jugador385,Jugador65,Jugador360,Jugador98,Jugador156,Jugador63,Jugador345,Jugador165,Jugador344",Jugador150;Jugador86;Jugador54;Jugador278;Jugador232;Jugador128,Jugador124;Jugador37,,Jugador190 (lesión),
88,9,Brighton,Nottingham Forest,3,2,Jugador140;Jugador118;Jugador192;Jugador131;Jugador29,Jugador339;Jugador216;Jugador220;Jugador272,,"Jugador149,Jugador35,Jugador387,Jugador55,Jugador105,Jugador258,Jugador233,Jugador337,Jugador159,Jugador263,Jugador322","Jugador296,Jugador54,Jugador222,Jugador313,Jugador28,Jugador279,Jugador82,Jugador48,Jugador147,Jugador388,Jugador378",Jugador342;Jugador377;Jugador78;Jugador224,,,,Staff Nottingham Forest (amarilla)
89,9,Arsenal,Manchester City,4,1,Jugador114;Jugador118;Jugador345;Jugador334;Jugador14,Jugador80;Jugador182;Jugador391;Jugador260,,"Jugador366,Jugador224,Jugador158,Jugador316,Jugador146,Jugador100,Jugador239,Jugador37,Jugador168,Jugador132,Jugador332","Jugador339,Jugador225,Jugador267,Jugador15,Jugador324,Jugador113,Jugador163,Jugador90,Jugador56,Jugador127,Jugador191",Jugador117;Jugador240;Jugador377,,,,
90,9,Burnley,Bournemouth,3,4,Jugador288;Jugador150;Jugador182;Jugador246;Jugador93;Jugador84;Jugador322,Jugador343;Jugador111;Jugador261;Jugador214;Jugador217;Jugador109,,"Jugador301,Jugador320,Jugador172,Jugador91,Jugador90,Jugador395,Jugador275,Jugador132,Jugador365,Jugador224,Jugador338","Jugador162,Jugador232,Jugador281,Jugador19,Jugador143,Jugador144,Jugador214,Jugador146,Jugador122,Jugador353,Jugador390",Jugador268;Jugador74;Jugador273;Jugador63,,,,
91,10,Arsenal,Bournemouth,4,1,Jugador221;Jugador176;Jugador195;Jugador320;Jugador164,Jugador336;Jugador130;Jugador76;Jugador141,,"Jugador379,Jugador112,Jugador41,Jugador207,Jugador206,Jugador267,Jugador60,Jugador158,Jugador132,Jugador324,Jugador176","Jugador104,Jugador330,Jugador331,Jugador290,Jugador59,Jugador118,Jugador363,Jugador208,Jugador166,Jugador34,Jugador95",,,,,
92,10,Luton Town,Crystal Palace,1,2,Jugador221;Jugador341;Jugador277,Jugador99;Jugador264,Jugador221 (penalti),"Jugador168,Jugador158,Jugador347,Jugador12,Jugador81,Jugador390,Jugador34,Jugador123,Jugador15,Jugador241,Jugador265","Jugador325,Jugador123,Jugador130,Jugador62,Jugador86,Jugador138,Jugador287,Jugador37,Jugador114,Jugador85,Jugador322",Jugador99;Jugador68;Jugador307;Jugador249;Jugador235;Jugador172,Jugador15;Jugador117,,,
93,10,Tottenham,Wolves,0,4,Jugador250;Jugador315;Jugador72;Jugador140,Jugador267;Jugador63;Jugador91,Jugador250 (penalti),"Jugador327,Jugador40,Jugador123,Jugador64,Jugador162,Jugador60,Jugador367,Jugador298,Jugador151,Jugador266,Jugador386","Jugador287,Jugador93,Jugador197,Jugador394,Jugador389,Jugador328,Jugador326,Jugador270,Jugador247,Jugador344,Jugador346",Jugador83;Jugador276;Jugador271;Jugador8;Jugador268;Jugador295,Jugador52,Jugador83 (pierde próximo partido),,
94,10,Nottingham Forest,Sheffield United,0,3,Jugador277;Jugador200;Jugador262,Jugador24;Jugador22,,"Jugador111,Jugador70,Jugador388,Jugador177,Jugador118,Jugador399,Jugador290,Jugador235,Jugador88,Jugador367,Jugador327","Jugador360,Jugador225,Jugador182,Jugador346,Jugador365,Jugador8,Jugador371,Jugador243,Jugador388,Jugador176,Jugador400",Jugador145;Jugador225;Jugador23;Jugador275;Jugador182,Jugador10,Jugador23 (pierde próximo partido),,
95,10,Everton,Fulham,2,0,Jugador221;Jugador173,Jugador265,Jugador221 (penalti),"Jugador158,Jugador20,Jugador275,Jugador149,Jugador346,Jugador228,Jugador265,Jugador345,Jugador337,Jugador391,Jugador10","Jugador60,Jugador6,Jugador36,Jugador145,Jugador130,Jugador356,Jugador252,Jugador196,Jugador204,Jugador116,Jugador142",Jugador149;Jugador186;Jugador281,,,,
96,10,Chelsea,Manchester United,1,1,Jugador216;Jugador193,Jugador225,,"Jugador340,Jugador264,Jugador159,Jugador306,Jugador394,Jugador182,Jugador200,Jugador347,Jugador43,Jugador259,Jugador171","Jugador165,Jugador339,Jugador65,Jugador322,Jugador232,Jugador260,Jugador186,Jugador342,Jugador270,Jugador193,Jugador62",,,,,
97,10,Brighton,Burnley,2,1,Jugador42;Jugador400;Jugador162,Jugador347;Jugador274,,"Jugador106,Jugador104,Jugador82,Jugador164,Jugador163,Jugador116,Jugador397,Jugador221,Jugador41,Jugador293,Jugador46","Jugador365,Jugador54,Jugador380,Jugador31,Jugador169,Jugador58,Jugador252,Jugador8,Jugador273,Jugador314,Jugador174",Jugador8;Jugador68;Jugador247;Jugador224;Jugador194;Jugador4,,Jugador68 (pierde próximo partido),,
98,10,Brentford,Manchester City,0,1,Jugador230,,,"Jugador300,Jugador272,Jugador256,Jugador211,Jugador201,Jugador119,Jugador282,Jugador199,Jugador398,Jugador289,Jugador21","Jugador282,Jugador15,Jugador123,Jugador370,Jugador327,Jugador183,Jugador292,Jugador371,Jugador335,Jugador16,Jugador389",Jugador77,Jugador320;Jugador183,,Jugador133 (lesión),
99,10,West Ham,Aston Villa,4,1,Jugador96;Jugador81;Jugador38;Jugador41;Jugador4,Jugador348;Jugador357;Jugador169;Jugador281,,"Jugador4,Jugador61,Jugador53,Jugador80,Jugador177,Jugador86,Jugador8,Jugador104,Jugador312,Jugador264,Jugador113","Jugador31,Jugador189,Jugador141,Jugador140,Jugador50,Jugador39,Jugador303,Jugador98,Jugador215,Jugador323,Jugador184",Jugador227;Jugador159;Jugador103;Jugador26;Jugador14;Jugador18,,,Jugador105 (lesión),
100,10,Newcastle,Liverpool,4,2,Jugador296;Jugador342;Jugador326;Jugador33;Jugador366;Jugador84,Jugador397;Jugador48;Jugador351;Jugador99;Jugador365,,"Jugador354,Jugador370,Jugador184,Jugador400,Jugador242,Jugador324,Jugador277,Jugador12,Jugador296,Jugador4,Jugador235","Jugador41,Jugador124,Jugador28,Jugador314,Jugador2,Jugador122,Jugador47,Jugador136,Jugador384,Jugador164,Jugador217",Jugador31;Jugador28;Jugador198;Jugador60;Jugador294;Jugador166,Jugador354,Jugador60 (pierde próximo partido),,
101,11,Manchester City,Wolves,2,4,Jugador126;Jugador87;Jugador274;Jugador84;Jugador190;Jugador20,Jugador307;Jugador245;Jugador391;Jugador107;Jugador125,,"Jugador396,Jugador257,Jugador121,Jugador132,Jugador149,Jugador278,Jugador321,Jugador374,Jugador136,Jugador357,Jugador250","Jugador243,Jugador222,Jugador259,Jugador358,Jugador314,Jugador127,Jugador129,Jugador204,Jugador281,Jugador21,Jugador182",Jugador293,Jugador137,,,
102,11,West Ham,Brighton,1,4,Jugador308;Jugador235;Jugador283;Jugador73;Jugador145,Jugador37;Jugador108;Jugador272;Jugador362,,"Jugador11,Jugador199,Jugador204,Jugador341,Jugador348,Jugador300,Jugador360,Jugador2,Jugador242,Jugador146,Jugador104","Jugador30,Jugador13,Jugador284,Jugador132,Jugador278,Jugador355,Jugador87,Jugador20,Jugador266,Jugador154,Jugador85",Jugador321;Jugador103;Jugador207;Jugador56;Jugador220,,,,
103,11,Aston Villa,Brentford,3,2,Jugador186;Jugador175;Jugador72;Jugador174;Jugador223,Jugador170;Jugador168;Jugador214;Jugador394,,"Jugador218,Jugador163,Jugador140,Jugador76,Jugador89,Jugador354,Jugador119,Jugador186,Jugador398,Jugador166,Jugador158","Jugador158,Jugador63,Jugador323,Jugador80,Jugador128,Jugador378,Jugador27,Jugador139,Jugador252,Jugador251,Jugador52",,Jugador123;Jugador19,,,
104,11,Tottenham,Manchester United,2,4,Jugador93;Jugador258;Jugador68;Jugador188;Jugador236;Jugador80,Jugador196;Jugador144;Jugador384;Jugador229;Jugador253,,"Jugador349,Jugador9,Jugador93,Jugador359,Jugador262,Jugador367,Jugador13,Jugador64,Jugador39,Jugador33,Jugador337","Jugador308,Jugador253,Jugador269,Jugador145,Jugador316,Jugador34,Jugador51,Jugador300,Jugador121,Jugador221,Jugador352",Jugador16;Jugador395;Jugador313,,,Jugador104 (lesión),
105,11,Crystal Palace,Sheffield United,0,2,Jugador133;Jugador168,Jugador221,Jugador133 (penalti),"Jugador322,Jugador359,Jugador290,Jugador261,Jugador260,Jugador321,Jugador148,Jugador292,Jugador191,Jugador136,Jugador188","Jugador136,Jugador374,Jugador222,Jugador63,Jugador209,Jugador17,Jugador299,Jugador387,Jugador48,Jugador106,Jugador353",Jugador278;Jugador51;Jugador143;Jugador386;Jugador186;Jugador344,,,,
106,11,Bournemouth,Luton Town,3,4,Jugador172;Jugador287;Jugador269;Jugador141;Jugador6;Jugador52;Jugador122,Jugador323;Jugador304;Jugador29;Jugador4;Jugador303;Jugador150,Jugador172 (penalti),"Jugador56,Jugador47,Jugador16,Jugador389,Jugador161,Jugador164,Jugador242,Jugador235,Jugador68,Jugador221,Jugador65","Jugador121,Jugador276,Jugador374,Jugador101,Jugador321,Jugador304,Jugador233,Jugador34,Jugador262,Jugador389,Jugador316",Jugador64;Jugador135,Jugador372,,,
107,11,Nottingham Forest,Fulham,0,1,Jugador313,,,"Jugador240,Jugador210,Jugador154,Jugador327,Jugador12,Jugador95,Jugador207,Jugador160,Jugador112,Jugador262,Jugador38","Jugador105,Jugador345,Jugador118,Jugador267,Jugador158,Jugador222,Jugador257,Jugador262,Jugador140,Jugador146,Jugador52",Jugador158,,,,
108,11,Everton,Arsenal,4,4,Jugador323;Jugador30;Jugador230;Jugador4;Jugador384;Jugador236;Jugador269;Jugador232,Jugador52;Jugador11;Jugador157;Jugador209;Jugador302;Jugador67;Jugador324,,"Jugador86,Jugador182,Jugador384,Jugador92,Jugador245,Jugador302,Jugador375,Jugador51,Jugador298,Jugador266,Jugador29","Jugador318,Jugador312,Jugador236,Jugador360,Jugador303,Jugador250,Jugador212,Jugador381,Jugador3,Jugador268,Jugador339",Jugador165;Jugador393;Jugador366;Jugador363;Jugador309;Jugador42,,,,
109,11,Chelsea,Burnley,4,1,Jugador267;Jugador162;Jugador203;Jugador314;Jugador365,Jugador120;Jugador50;Jugador121;Jugador39,,"Jugador169,Jugador176,Jugador188,Jugador88,Jugador341,Jugador333,Jugador268,Jugador75,Jugador113,Jugador395,Jugador397","Jugador145,Jugador253,Jugador8,Jugador68,Jugador193,Jugador171,Jugador272,Jugador174,Jugador71,Jugador346,Jugador291",Jugador159,Jugador34,,,
110,11,Liverpool,Newcastle,4,1,Jugador132;Jugador283;Jugador268;Jugador78;Jugador88,Jugador133;Jugador241;Jugador252;Jugador100,,"Jugador341,Jugador211,Jugador124,Jugador63,Jugador221,Jugador224,Jugador223,Jugador398,Jugador318,Jugador290,Jugador384","Jugador143,Jugador242,Jugador168,Jugador84,Jugador201,Jugador286,Jugador122,Jugador199,Jugador325,Jugador324,Jugador89",Jugador174;Jugador288;Jugador278;Jugador118;Jugador191,Jugador380;Jugador212,,,
111,12,Everton,Arsenal,0,3,Jugador277;Jugador264;Jugador168,Jugador326;Jugador103,,"Jugador129,Jugador121,Jugador94,Jugador213,Jugador21,Jugador344,Jugador306,Jugador58,Jugador204,Jugador379,Jugador1","Jugador168,Jugador35,Jugador111,Jugador10,Jugador93,Jugador372,Jugador189,Jugador388,Jugador275,Jugador323,Jugador92",Jugador9;Jugador19;Jugador356;Jugador18;Jugador58;Jugador312,Jugador84;Jugador327,,,
112,12,Manchester United,Nottingham Forest,4,4,Jugador127;Jugador65;Jugador73;Jugador294;Jugador174;Jugador223;Jugador340;Jugador384,Jugador223;Jugador178;Jugador176;Jugador141;Jugador321;Jugador374;Jugador330,Jugador127 (penalti),"Jugador51,Jugador93,Jugador314,Jugador222,Jugador145,Jugador77,Jugador358,Jugador75,Jugador211,Jugador112,Jugador119","Jugador283,Jugador20,Jugador119,Jugador334,Jugador207,Jugador142,Jugador278,Jugador179,Jugador258,Jugador22,Jugador370",Jugador381;Jugador102,Jugador9,,Jugador155 (lesión),Staff Nottingham Forest (amarilla)
113,12,Fulham,Newcastle,3,4,Jugador91;Jugador241;Jugador234;Jugador6;Jugador307;Jugador362;Jugador70,Jugador289;Jugador114;Jugador376;Jugador328;Jugador385;Jugador211,,"Jugador131,Jugador275,Jugador75,Jugador247,Jugador365,Jugador2,Jugador351,Jugador306,Jugador66,Jugador304,Jugador15","Jugador145,Jugador170,Jugador2,Jugador138,Jugador380,Jugador273,Jugador41,Jugador163,Jugador214,Jugador205,Jugador186",Jugador154,,,,
114,12,Manchester City,Chelsea,2,4,Jugador133;Jugador103;Jugador372;Jugador139;Jugador288;Jugador299,Jugador194;Jugador180;Jugador145;Jugador14;Jugador202,,"Jugador119,Jugador244,Jugador190,Jugador387,Jugador272,Jugador364,Jugador270,Jugador325,Jugador268,Jugador314,Jugador283","Jugador162,Jugador182,Jugador167,Jugador124,Jugador213,Jugador313,Jugador29,Jugador27,Jugador296,Jugador170,Jugador32",Jugador6;Jugador102;Jugador50;Jugador119,Jugador22,,,
115,12,Burnley,Bournemouth,2,4,Jugador326;Jugador5;Jugador195;Jugador198;Jugador36;Jugador210,Jugador299;Jugador118;Jugador390;Jugador388;Jugador164,,"Jugador148,Jugador261,Jugador134,Jugador381,Jugador146,Jugador221,Jugador72,Jugador347,Jugador194,Jugador359,Jugador282","Jugador124,Jugador356,Jugador193,Jugador382,Jugador69,Jugador148,Jugador355,Jugador199,Jugador319,Jugador364,Jugador277",Jugador299;Jugador102;Jugador190,,,,
116,12,Tottenham,Brentford,4,2,Jugador354;Jugador197;Jugador121;Jugador68;Jugador19;Jugador119,Jugador55;Jugador247;Jugador148;Jugador269;Jugador244,,"Jugador289,Jugador148,Jugador123,Jugador85,Jugador110,Jugador106,Jugador373,Jugador8,Jugador228,Jugador3,Jugador162","Jugador397,Jugador134,Jugador229,Jugador44,Jugador260,Jugador156,Jugador68,Jugador217,Jugador300,Jugador148,Jugador214",Jugador188;Jugador277;Jugador390,Jugador361;Jugador191,,,
117,12,Sheffield United,Wolves,0,4,Jugador298;Jugador278;Jugador291;Jugador62,Jugador293;Jugador396;Jugador393,,"Jugador198,Jugador389,Jugador78,Jugador208,Jugador291,Jugador163,Jugador325,Jugador17,Jugador113,Jugador241,Jugador56","Jugador163,Jugador246,Jugador320,Jugador318,Jugador157,Jugador68,Jugador172,Jugador305,Jugador78,Jugador212,Jugador175",Jugador319;Jugador104;Jugador261;Jugador316;Jugador369;Jugador160,Jugador236;Jugador46,,,
118,12,Brighton,West Ham,2,2,Jugador380;Jugador44;Jugador340;Jugador239,Jugador191;Jugador65;Jugador189,,"Jugador228,Jugador239,Jugador276,Jugador25,Jugador43,Jugador103,Jugador245,Jugador186,Jugador251,Jugador10,Jugador355","Jugador98,Jugador239,Jugador331,Jugador8,Jugador167,Jugador363,Jugador382,Jugador249,Jugador364,Jugador247,Jugador383",Jugador326;Jugador118;Jugador155,Jugador67,,,
119,12,Aston Villa,Crystal Palace,4,1,Jugador34;Jugador360;Jugador282;Jugador130;Jugador371,Jugador138;Jugador139;Jugador208;Jugador185,,"Jugador258,Jugador237,Jugador226,Jugador53,Jugador125,Jugador193,Jugador311,Jugador351,Jugador299,Jugador272,Jugador36","Jugador86,Jugador44,Jugador208,Jugador222,Jugador256,Jugador255,Jugador323,Jugador200,Jugador351,Jugador398,Jugador400",Jugador310;Jugador11;Jugador124;Jugador141;Jugador333;Jugador54,Jugador304;Jugador151,,,Staff Crystal Palace (amarilla)
120,12,Luton Town,Liverpool,4,3,Jugador348;Jugador170;Jugador103;Jugador258;Jugador80;Jugador110;Jugador129,Jugador150;Jugador118;Jugador305;Jugador389;Jugador308;Jugador50,,"Jugador61,Jugador398,Jugador47,Jugador209,Jugador304,Jugador180,Jugador378,Jugador26,Jugador381,Jugador346,Jugador397","Jugador136,Jugador76,Jugador338,Jugador354,Jugador261,Jugador79,Jugador313,Jugador35,Jugador81,Jugador379,Jugador223",Jugador162;Jugador68,Jugador235,,,
121,13,Aston Villa,Wolves,4,4,Jugador365;Jugador8;Jugador34;Jugador195;Jugador69;Jugador41;Jugador306;Jugador221,Jugador127;Jugador400;Jugador57;Jugador389;Jugador44;Jugador258;Jugador124,,"Jugador324,Jugador37,Jugador72,Jugador113,Jugador174,Jugador119,Jugador314,Jugador160,Jugador173,Jugador357,Jugador46","Jugador177,Jugador93,Jugador207,Jugador103,Jugador391,Jugador72,Jugador373,Jugador217,Jugador5,Jugador102,Jugador42",Jugador164;Jugador142;Jugador82,Jugador65,,,
122,13,Manchester City,Brighton,1,0,Jugador289,,,"Jugador291,Jugador41,Jugador301,Jugador198,Jugador150,Jugador197,Jugador341,Jugador320,Jugador148,Jugador212,Jugador109","Jugador294,Jugador394,Jugador82,Jugador46,Jugador170,Jugador115,Jugador387,Jugador53,Jugador88,Jugador10,Jugador293",Jugador306;Jugador99;Jugador55;Jugador74;Jugador243;Jugador219,,,,
123,13,Luton Town,Everton,3,0,Jugador93;Jugador56;Jugador110,Jugador6;Jugador176,,"Jugador150,Jugador33,Jugador285,Jugador163,Jugador377,Jugador160,Jugador215,Jugador277,Jugador326,Jugador214,Jugador320","Jugador180,Jugador317,Jugador159,Jugador364,Jugador297,Jugador294,Jugador50,Jugador224,Jugador134,Jugador20,Jugador397",Jugador279,Jugador210;Jugador67,Jugador279 (pierde próximo partido),,
124,13,Bournemouth,Nottingham Forest,1,4,Jugador1;Jugador208;Jugador316;Jugador95;Jugador178,Jugador74;Jugador200;Jugador137;Jugador398,,"Jugador320,Jugador288,Jugador338,Jugador276,Jugador18,Jugador313,Jugador168,Jugador217,Jugador200,Jugador77,Jugador324","Jugador81,Jugador370,Jugador303,Jugador38,Jugador229,Jugador331,Jugador364,Jugador326,Jugador79,Jugador378,Jugador372",Jugador25;Jugador316;Jugador140;Jugador127;Jugador390;Jugador209,Jugador191,,Jugador47 (lesión),
125,13,West Ham,Crystal Palace,4,2,Jugador322;Jugador298;Jugador395;Jugador208;Jugador54;Jugador125,Jugador78;Jugador295;Jugador288;Jugador181;Jugador253,,"Jugador333,Jugador1,Jugador45,Jugador310,Jugador105,Jugador308,Jugador322,Jugador399,Jugador39,Jugador232,Jugador366","Jugador22,Jugador160,Jugador36,Jugador120,Jugador272,Jugador28,Jugador63,Jugador78,Jugador15,Jugador41,Jugador329",Jugador75;Jugador223,Jugador174,,,
126,13,Fulham,Liverpool,2,4,Jugador32;Jugador193;Jugador100;Jugador63;Jugador141;Jugador302,Jugador128;Jugador319;Jugador222;Jugador271;Jugador20,,"Jugador280,Jugador94,Jugador141,Jugador308,Jugador226,Jugador385,Jugador378,Jugador397,Jugador62,Jugador162,Jugador68","Jugador183,Jugador128,Jugador25,Jugador317,Jugador360,Jugador377,Jugador336,Jugador163,Jugador50,Jugador27,Jugador186",Jugador149;Jugador234;Jugador151;Jugador225;Jugador238;Jugador53,Jugador30,,,
127,13,Tottenham,Manchester United,0,3,Jugador107;Jugador192;Jugador104,Jugador135;Jugador374,,"Jugador399,Jugador164,Jugador135,Jugador255,Jugador398,Jugador239,Jugador307,Jugador150,Jugador60,Jugador131,Jugador253","Jugador358,Jugador326,Jugador145,Jugador239,Jugador301,Jugador289,Jugador206,Jugador68,Jugador31,Jugador344,Jugador191",Jugador355;Jugador48;Jugador303;Jugador149,Jugador263,Jugador48 (pierde próximo partido),,Staff Manchester United (amarilla)
128,13,Burnley,Sheffield United,2,0,Jugador334;Jugador105,Jugador245,,"Jugador170,Jugador131,Jugador289,Jugador295,Jugador197,Jugador255,Jugador22,Jugador336,Jugador383,Jugador91,Jugador302","Jugador257,Jugador372,Jugador7,Jugador282,Jugador271,Jugador325,Jugador48,Jugador179,Jugador24,Jugador354,Jugador343",Jugador12;Jugador28,Jugador329;Jugador345,,,
129,13,Chelsea,Brentford,0,2,Jugador97;Jugador143,Jugador270,,"Jugador394,Jugador360,Jugador97,Jugador165,Jugador343,Jugador221,Jugador67,Jugador169,Jugador193,Jugador209,Jugador66","Jugador245,Jugador222,Jugador308,Jugador121,Jugador347,Jugador87,Jugador321,Jugador377,Jugador240,Jugador325,Jugador272",Jugador235,Jugador7;Jugador300,,Jugador75 (lesión),
130,13,Newcastle,Arsenal,4,0,Jugador375;Jugador276;Jugador40;Jugador245,Jugador184;Jugador170;Jugador55,,"Jugador156,Jugador175,Jugador294,Jugador38,Jugador209,Jugador107,Jugador322,Jugador359,Jugador326,Jugador201,Jugador135","Jugador13,Jugador186,Jugador386,Jugador99,Jugador109,Jugador187,Jugador211,Jugador271,Jugador292,Jugador391,Jugador68",Jugador302;Jugador181,Jugador8,,,
131,14,Luton Town,Everton,2,4,Jugador311;Jugador186;Jugador317;Jugador184;Jugador158;Jugador380,Jugador279;Jugador164;Jugador225;Jugador385;Jugador386,,"Jugador24,Jugador47,Jugador351,Jugador41,Jugador67,Jugador132,Jugador29,Jugador227,Jugador352,Jugador353,Jugador31","Jugador170,Jugador110,Jugador29,Jugador124,Jugador323,Jugador354,Jugador300,Jugador6,Jugador80,Jugador332,Jugador258",Jugador36;Jugador44;Jugador152;Jugador56;Jugador97,,,Jugador71 (lesión),
132,14,Bournemouth,Newcastle,4,3,Jugador232;Jugador391;Jugador72;Jugador215;Jugador52;Jugador362;Jugador305,Jugador151;Jugador277;Jugador311;Jugador334;Jugador385;Jugador266,,"Jugador56,Jugador245,Jugador190,Jugador376,Jugador187,Jugador164,Jugador131,Jugador65,Jugador211,Jugador45,Jugador298","Jugador193,Jugador45,Jugador153,Jugador28,Jugador242,Jugador297,Jugador380,Jugador282,Jugador311,Jugador320,Jugador299",Jugador344;Jugador378;Jugador116;Jugador92,Jugador166,Jugador116 (pierde próximo partido),,Staff Newcastle (amarilla)
133,14,Manchester United,Liverpool,1,4,Jugador350;Jugador250;Jugador346;Jugador54;Jugador97,Jugador343;Jugador91;Jugador345;Jugador266,,"Jugador364,Jugador398,Jugador172,Jugador12,Jugador164,Jugador202,Jugador230,Jugador396,Jugador392,Jugador326,Jugador283","Jugador386,Jugador333,Jugador115,Jugador200,Jugador370,Jugador227,Jugador15,Jugador293,Jugador292,Jugador44,Jugador373",Jugador252,Jugador319,,,
134,14,Nottingham Forest,Manchester City,4,2,Jugador28;Jugador45;Jugador334;Jugador37;Jugador250;Jugador76,Jugador301;Jugador15;Jugador154;Jugador41;Jugador271,Jugador28 (penalti),"Jugador52,Jugador75,Jugador39,Jugador10,Jugador250,Jugador165,Jugador183,Jugador300,Jugador117,Jugador378,Jugador135","Jugador353,Jugador257,Jugador4,Jugador143,Jugador388,Jugador266,Jugador355,Jugador164,Jugador382,Jugador337,Jugador69",Jugador202;Jugador210;Jugador56;Jugador124;Jugador397,Jugador163,,,Staff Manchester City (amarilla)
135,14,West Ham,Crystal Palace,4,0,Jugador300;Jugador387;Jugador76;Jugador40,Jugador342;Jugador249;Jugador385,,"Jugador279,Jugador124,Jugador342,Jugador276,Jugador144,Jugador318,Jugador375,Jugador35,Jugador118,Jugador260,Jugador398","Jugador352,Jugador68,Jugador350,Jugador75,Jugador341,Jugador161,Jugador361,Jugador313,Jugador109,Jugador394,Jugador214",Jugador174;Jugador349,,,,
136,14,Sheffield United,Wolves,3,4,Jugador185;Jugador67;Jugador26;Jugador333;Jugador224;Jugador187;Jugador294,Jugador300;Jugador140;Jugador325;Jugador150;Jugador239;Jugador243,,"Jugador221,Jugador58,Jugador196,Jugador286,Jugador244,Jugador129,Jugador153,Jugador40,Jugador137,Jugador41,Jugador176","Jugador176,Jugador103,Jugador90,Jugador285,Jugador248,Jugador125,Jugador75,Jugador113,Jugador237,Jugador122,Jugador304",Jugador119;Jugador255;Jugador112;Jugador208,,,,
137,14,Aston Villa,Tottenham,1,0,Jugador322,,Jugador322 (penalti),"Jugador51,Jugador315,Jugador33,Jugador136,Jugador352,Jugador169,Jugador148,Jugador95,Jugador233,Jugador118,Jugador283","Jugador139,Jugador74,Jugador339,Jugador306,Jugador174,Jugador158,Jugador102,Jugador321,Jugador61,Jugador304,Jugador150",Jugador253,,,,
138,14,Brighton,Chelsea,2,3,Jugador239;Jugador152;Jugador28;Jugador254;Jugador282,Jugador398;Jugador283;Jugador356;Jugador71,,"Jugador105,Jugador374,Jugador391,Jugador293,Jugador313,Jugador339,Jugador66,Jugador349,Jugador90,Jugador177,Jugador125","Jugador250,Jugador160,Jugador181,Jugador101,Jugador300,Jugador363,Jugador155,Jugador310,Jugador336,Jugador2,Jugador39",Jugador71,,,,
139,14,Brentford,Fulham,1,3,Jugador392;Jugador300;Jugador289;Jugador278,Jugador276;Jugador56;Jugador6,,"Jugador294,Jugador373,Jugador328,Jugador400,Jugador306,Jugador90,Jugador122,Jugador256,Jugador63,Jugador326,Jugador297","Jugador298,Jugador14,Jugador276,Jugador259,Jugador281,Jugador214,Jugador303,Jugador111,Jugador26,Jugador398,Jugador79",Jugador47,Jugador190;Jugador244,Jugador47 (pierde próximo partido),,
140,14,Arsenal,Burnley,4,1,Jugador13;Jugador38;Jugador15;Jugador209;Jugador109,Jugador222;Jugador279;Jugador348;Jugador246,,"Jugador208,Jugador292,Jugador365,Jugador41,Jugador88,Jugador280,Jugador239,Jugador382,Jugador250,Jugador144,Jugador167","Jugador243,Jugador298,Jugador299,Jugador207,Jugador309,Jugador143,Jugador90,Jugador189,Jugador127,Jugador198,Jugador167",Jugador313;Jugador113;Jugador202;Jugador119;Jugador43;Jugador157,Jugador56,,,
141,15,Manchester United,Aston Villa,4,2,Jugador246;Jugador106;Jugador294;Jugador154;Jugador376;Jugador232,Jugador371;Jugador291;Jugador107;Jugador335;Jugador251,,"Jugador137,Jugador135,Jugador19,Jugador341,Jugador116,Jugador303,Jugador362,Jugador41,Jugador210,Jugador42,Jugador3","Jugador177,Jugador39,Jugador92,Jugador270,Jugador244,Jugador81,Jugador249,Jugador358,Jugador69,Jugador46,Jugador114",Jugador81;Jugador310;Jugador273;Jugador333;Jugador374;Jugador71,Jugador284;Jugador111,,,Staff Aston Villa (amarilla)
142,15,West Ham,Burnley,4,3,Jugador153;Jugador150;Jugador45;Jugador232;Jugador332;Jugador297;Jugador271,Jugador255;Jugador171;Jugador117;Jugador258;Jugador397;Jugador41,,"Jugador245,Jugador309,Jugador362,Jugador52,Jugador230,Jugador175,Jugador146,Jugador208,Jugador121,Jugador223,Jugador9","Jugador316,Jugador118,Jugador72,Jugador114,Jugador276,Jugador28,Jugador215,Jugador110,Jugador284,Jugador60,Jugador225",Jugador173;Jugador122;Jugador339;Jugador110,,,,
143,15,Liverpool,Tottenham,1,0,Jugador34,,,"Jugador1,Jugador216,Jugador333,Jugador164,Jugador284,Jugador251,Jugador218,Jugador312,Jugador260,Jugador85,Jugador58","Jugador44,Jugador220,Jugador101,Jugador298,Jugador192,Jugador11,Jugador72,Jugador303,Jugador367,Jugador159,Jugador39",Jugador396,,,,
144,15,Everton,Manchester City,1,1,Jugador117;Jugador315,Jugador202,,"Jugador232,Jugador157,Jugador191,Jugador369,Jugador309,Jugador148,Jugador218,Jugador123,Jugador275,Jugador105,Jugador392","Jugador371,Jugador169,Jugador282,Jugador203,Jugador52,Jugador225,Jugador292,Jugador1,Jugador347,Jugador163,Jugador393",Jugador333;Jugador119,Jugador155;Jugador105,,Jugador257 (lesión),
145,15,Newcastle,Sheffield United,3,0,Jugador97;Jugador248;Jugador130,Jugador282;Jugador131,,"Jugador256,Jugador49,Jugador239,Jugador275,Jugador150,Jugador109,Jugador364,Jugador359,Jugador56,Jugador72,Jugador133","Jugador26,Jugador28,Jugador369,Jugador25,Jugador304,Jugador6,Jugador175,Jugador310,Jugador58,Jugador281,Jugador114",Jugador319;Jugador341,Jugador202;Jugador351,,,
146,15,Wolves,Brighton,1,0,Jugador250,,,"Jugador365,Jugador391,Jugador180,Jugador127,Jugador400,Jugador398,Jugador164,Jugador146,Jugador323,Jugador228,Jugador97","Jugador126,Jugador148,Jugador371,Jugador62,Jugador211,Jugador37,Jugador327,Jugador270,Jugador58,Jugador40,Jugador53",Jugador120;Jugador290,,,,
147,15,Crystal Palace,Arsenal,4,1,Jugador294;Jugador308;Jugador297;Jugador301;Jugador167,Jugador18;Jugador90;Jugador173;Jugador74,,"Jugador326,Jugador169,Jugador248,Jugador79,Jugador264,Jugador288,Jugador224,Jugador400,Jugador67,Jugador380,Jugador193","Jugador336,Jugador352,Jugador254,Jugador361,Jugador121,Jugador244,Jugador70,Jugador19,Jugador348,Jugador326,Jugador185",Jugador88;Jugador346;Jugador4,Jugador107;Jugador157,,,Staff Arsenal (amarilla)
148,15,Chelsea,Brentford,3,2,Jugador265;Jugador134;Jugador22;Jugador65;Jugador34,Jugador217;Jugador397;Jugador117;Jugador311,,"Jugador226,Jugador330,Jugador198,Jugador201,Jugador166,Jugador23,Jugador127,Jugador97,Jugador377,Jugador194,Jugador122","Jugador314,Jugador45,Jugador282,Jugador363,Jugador215,Jugador160,Jugador271,Jugador101,Jugador288,Jugador323,Jugador294",Jugador371;Jugador220,Jugador308,,,
149,15,Fulham,Nottingham Forest,1,2,Jugador210;Jugador103;Jugador55,Jugador364;Jugador283,,"Jugador81,Jugador211,Jugador74,Jugador121,Jugador174,Jugador262,Jugador212,Jugador171,Jugador124,Jugador260,Jugador387","Jugador147,Jugador65,Jugador379,Jugador102,Jugador190,Jugador35,Jugador282,Jugador45,Jugador136,Jugador376,Jugador167",Jugador301,Jugador208;Jugador60,,Jugador169 (lesión),
150,15,Bournemouth,Luton Town,4,4,Jugador226;Jugador68;Jugador110;Jugador139;Jugador161;Jugador353;Jugador337;Jugador334,Jugador271;Jugador97;Jugador119;Jugador47;Jugador301;Jugador53;Jugador141,,"Jugador303,Jugador77,Jugador93,Jugador105,Jugador217,Jugador334,Jugador186,Jugador381,Jugador45,Jugador64,Jugador108","Jugador340,Jugador35,Jugador264,Jugador379,Jugador342,Jugador91,Jugador75,Jugador162,Jugador343,Jugador328,Jugador42",Jugador219;Jugador390;Jugador313;Jugador261;Jugador310,,Jugador313 (pierde próximo partido),,
151,16,Luton Town,West Ham,4,0,Jugador335;Jugador214;Jugador378;Jugador399,Jugador109;Jugador395;Jugador312,,"Jugador378,Jugador285,Jugador382,Jugador106,Jugador149,Jugador327,Jugador243,Jugador153,Jugador96,Jugador139,Jugador341","Jugador319,Jugador119,Jugador37,Jugador194,Jugador383,Jugador127,Jugador278,Jugador327,Jugador288,Jugador352,Jugador356",Jugador112;Jugador34;Jugador326;Jugador137;Jugador312;Jugador300,Jugador28;Jugador296,,,
152,16,Bournemouth,Liverpool,2,3,Jugador384;Jugador196;Jugador323;Jugador362;Jugador223,Jugador254;Jugador77;Jugador338;Jugador24,,"Jugador269,Jugador40,Jugador383,Jugador244,Jugador161,Jugador328,Jugador129,Jugador117,Jugador296,Jugador181,Jugador334","Jugador225,Jugador257,Jugador49,Jugador56,Jugador101,Jugador163,Jugador32,Jugador78,Jugador106,Jugador284,Jugador332",Jugador186;Jugador259;Jugador150;Jugador18;Jugador369;Jugador65,Jugador372;Jugador286,,Jugador138 (lesión),
153,16,Brentford,Newcastle,4,1,Jugador368;Jugador339;Jugador354;Jugador195;Jugador374,Jugador92;Jugador257;Jugador397;Jugador394,,"Jugador327,Jugador357,Jugador31,Jugador229,Jugador16,Jugador46,Jugador76,Jugador41,Jugador276,Jugador35,Jugador375","Jugador375,Jugador388,Jugador95,Jugador308,Jugador72,Jugador248,Jugador163,Jugador1,Jugador182,Jugador280,Jugador247",Jugador343;Jugador40;Jugador25;Jugador109;Jugador84;Jugador10,,,,
154,16,Burnley,Chelsea,4,4,Jugador105;Jugador340;Jugador254;Jugador400;Jugador276;Jugador238;Jugador60;Jugador131,Jugador333;Jugador392;Jugador361;Jugador265;Jugador267;Jugador255;Jugador18,,"Jugador158,Jugador74,Jugador24,Jugador267,Jugador323,Jugador91,Jugador263,Jugador184,Jugador358,Jugador290,Jugador182","Jugador285,Jugador340,Jugador171,Jugador332,Jugador397,Jugador167,Jugador350,Jugador25,Jugador44,Jugador306,Jugador153",Jugador262;Jugador35,Jugador149,,,
155,16,Manchester United,Aston Villa,1,1,Jugador321;Jugador46,Jugador307,Jugador321 (penalti),"Jugador322,Jugador282,Jugador133,Jugador138,Jugador361,Jugador397,Jugador362,Jugador257,Jugador287,Jugador299,Jugador163","Jugador20,Jugador341,Jugador185,Jugador369,Jugador136,Jugador125,Jugador348,Jugador123,Jugador252,Jugador24,Jugador241",,,,,
156,16,Wolves,Nottingham Forest,2,2,Jugador61;Jugador175;Jugador71;Jugador183,Jugador319;Jugador37;Jugador202,,"Jugador26,Jugador17,Jugador291,Jugador280,Jugador300,Jugador357,Jugador318,Jugador218,Jugador251,Jugador395,Jugador75","Jugador81,Jugador312,Jugador276,Jugador111,Jugador332,Jugador180,Jugador183,Jugador317,Jugador349,Jugador374,Jugador230",Jugador314;Jugador158,,,,
157,16,Sheffield United,Brighton,0,4,Jugador286;Jugador42;Jugador340;Jugador105,Jugador385;Jugador151;Jugador247,,"Jugador133,Jugador92,Jugador233,Jugador118,Jugador276,Jugador359,Jugador315,Jugador109,Jugador308,Jugador134,Jugador39","Jugador164,Jugador151,Jugador301,Jugador41,Jugador274,Jugador193,Jugador261,Jugador321,Jugador118,Jugador113,Jugador183",Jugador103;Jugador69;Jugador209;Jugador229;Jugador16,Jugador246;Jugador43,Jugador229 (pierde próximo partido),,
158,16,Manchester City,Arsenal,1,4,Jugador297;Jugador45;Jugador32;Jugador219;Jugador350,Jugador386;Jugador20;Jugador58;Jugador30,Jugador297 (penalti),"Jugador365,Jugador59,Jugador391,Jugador288,Jugador24,Jugador242,Jugador110,Jugador284,Jugador123,Jugador140,Jugador67","Jugador151,Jugador274,Jugador378,Jugador313,Jugador26,Jugador149,Jugador21,Jugador207,Jugador168,Jugador341,Jugador200",Jugador152;Jugador264;Jugador86,Jugador56,,,
159,16,Crystal Palace,Everton,1,2,Jugador165;Jugador379;Jugador110,Jugador317;Jugador118,,"Jugador65,Jugador152,Jugador188,Jugador310,Jugador399,Jugador236,Jugador51,Jugador20,Jugador4,Jugador249,Jugador45","Jugador65,Jugador135,Jugador223,Jugador154,Jugador296,Jugador256,Jugador144,Jugador362,Jugador88,Jugador327,Jugador99",Jugador19,Jugador243,,,
160,16,Tottenham,Fulham,0,0,,,,"Jugador292,Jugador153,Jugador262,Jugador372,Jugador65,Jugador165,Jugador351,Jugador182,Jugador240,Jugador213,Jugador189","Jugador76,Jugador129,Jugador384,Jugador121,Jugador40,Jugador25,Jugador369,Jugador306,Jugador278,Jugador252,Jugador205",Jugador190;Jugador9;Jugador321;Jugador98,Jugador272;Jugador143,,,
161,17,Newcastle,Crystal Palace,2,3,Jugador162;Jugador31;Jugador57;Jugador183;Jugador322,Jugador204;Jugador326;Jugador248;Jugador197,,"Jugador193,Jugador259,Jugador126,Jugador330,Jugador227,Jugador148,Jugador310,Jugador256,Jugador306,Jugador74,Jugador348","Jugador400,Jugador167,Jugador374,Jugador170,Jugador157,Jugador393,Jugador215,Jugador368,Jugador204,Jugador239,Jugador263",Jugador23;Jugador171;Jugador55,Jugador209,,,
162,17,Manchester United,Chelsea,2,1,Jugador239;Jugador290;Jugador312,Jugador30;Jugador331,Jugador239 (penalti),"Jugador70,Jugador60,Jugador250,Jugador247,Jugador267,Jugador71,Jugador138,Jugador240,Jugador222,Jugador298,Jugador84","Jugador126,Jugador306,Jugador47,Jugador400,Jugador43,Jugador318,Jugador164,Jugador319,Jugador82,Jugador96,Jugador86",Jugador199;Jugador50;Jugador149;Jugador381,Jugador150;Jugador161,Jugador149 (pierde próximo partido),,
163,17,Burnley,Aston Villa,3,0,Jugador2;Jugador224;Jugador148,Jugador161;Jugador167,Jugador2 (penalti),"Jugador297,Jugador8,Jugador36,Jugador202,Jugador65,Jugador19,Jugador219,Jugador81,Jugador391,Jugador121,Jugador29","Jugador41,Jugador111,Jugador198,Jugador322,Jugador334,Jugador95,Jugador200,Jugador71,Jugador20,Jugador242,Jugador319",Jugador23;Jugador366;Jugador314;Jugador140;Jugador249;Jugador147,Jugador46,,,
164,17,Bournemouth,Tottenham,1,1,Jugador316;Jugador78,Jugador38,,"Jugador399,Jugador307,Jugador129,Jugador4,Jugador244,Jugador5,Jugador69,Jugador105,Jugador337,Jugador274,Jugador323","Jugador361,Jugador53,Jugador32,Jugador158,Jugador310,Jugador75,Jugador351,Jugador327,Jugador274,Jugador12,Jugador182",Jugador178;Jugador323;Jugador15;Jugador389;Jugador185,Jugador249;Jugador246,,,
165,17,Nottingham Forest,Liverpool,3,1,Jugador99;Jugador389;Jugador375;Jugador36,Jugador180;Jugador263;Jugador156,,"Jugador215,Jugador36,Jugador106,Jugador114,Jugador351,Jugador262,Jugador90,Jugador272,Jugador282,Jugador394,Jugador355","Jugador174,Jugador312,Jugador314,Jugador326,Jugador47,Jugador123,Jugador143,Jugador93,Jugador216,Jugador157,Jugador79",Jugador168;Jugador91;Jugador281;Jugador155;Jugador22;Jugador108,Jugador336;Jugador354,,Jugador144 (lesión),
166,17,West Ham,Sheffield United,0,4,Jugador77;Jugador153;Jugador173;Jugador239,Jugador114;Jugador108;Jugador227,,"Jugador281,Jugador283,Jugador44,Jugador292,Jugador387,Jugador391,Jugador377,Jugador234,Jugador118,Jugador192,Jugador154","Jugador368,Jugador181,Jugador182,Jugador96,Jugador9,Jugador206,Jugador301,Jugador330,Jugador200,Jugador163,Jugador26",,Jugador287;Jugador325,,,
167,17,Luton Town,Fulham,1,4,Jugador116;Jugador250;Jugador33;Jugador18;Jugador10,Jugador192;Jugador193;Jugador219;Jugador295,,"Jugador203,Jugador135,Jugador300,Jugador46,Jugador373,Jugador187,Jugador179,Jugador257,Jugador345,Jugador177,Jugador161","Jugador159,Jugador68,Jugador65,Jugador392,Jugador374,Jugador164,Jugador265,Jugador188,Jugador79,Jugador3,Jugador111",Jugador277;Jugador243,Jugador316;Jugador311,,,
168,17,Wolves,Manchester City,0,2,Jugador333;Jugador147,Jugador205,,"Jugador394,Jugador217,Jugador366,Jugador296,Jugador69,Jugador93,Jugador107,Jugador385,Jugador309,Jugador310,Jugador370","Jugador243,Jugador17,Jugador237,Jugador256,Jugador347,Jugador302,Jugador309,Jugador66,Jugador20,Jugador306,Jugador99",Jugador392,Jugador259;Jugador126,Jugador392 (pierde próximo partido),,
169,17,Brentford,Everton,4,0,Jugador48;Jugador65;Jugador196;Jugador225,Jugador131;Jugador103;Jugador314,,"Jugador37,Jugador248,Jugador30,Jugador291,Jugador91,Jugador188,Jugador169,Jugador322,Jugador101,Jugador158,Jugador245","Jugador227,Jugador386,Jugador380,Jugador182,Jugador350,Jugador205,Jugador90,Jugador62,Jugador349,Jugador140,Jugador19",Jugador277;Jugador43;Jugador146,,,,
170,17,Arsenal,Brighton,0,4,Jugador85;Jugador200;Jugador368;Jugador150,Jugador236;Jugador371;Jugador33,,"Jugador126,Jugador185,Jugador319,Jugador62,Jugador358,Jugador205,Jugador312,Jugador305,Jugador208,Jugador76,Jugador266","Jugador46,Jugador60,Jugador287,Jugador172,Jugador379,Jugador378,Jugador391,Jugador219,Jugador146,Jugador168,Jugador381",Jugador400;Jugador317;Jugador135;Jugador323,Jugador137;Jugador147,,Jugador111 (lesión),
171,18,Manchester United,Everton,2,0,Jugador333;Jugador116,Jugador193,,"Jugador86,Jugador17,Jugador183,Jugador45,Jugador22,Jugador245,Jugador147,Jugador242,Jugador311,Jugador90,Jugador374","Jugador182,Jugador80,Jugador336,Jugador62,Jugador233,Jugador116,Jugador160,Jugador44,Jugador100,Jugador169,Jugador351",,,,,
172,18,Arsenal,Crystal Palace,0,4,Jugador117;Jugador371;Jugador238;Jugador145,Jugador73;Jugador337;Jugador126,,"Jugador390,Jugador320,Jugador242,Jugador88,Jugador236,Jugador211,Jugador381,Jugador220,Jugador97,Jugador229,Jugador9","Jugador363,Jugador277,Jugador34,Jugador385,Jugador227,Jugador304,Jugador270,Jugador245,Jugador216,Jugador389,Jugador241",Jugador109;Jugador34;Jugador8;Jugador104;Jugador177,Jugador51;Jugador393,,,
173,18,Chelsea,Sheffield United,4,4,Jugador154;Jugador288;Jugador161;Jugador198;Jugador174;Jugador329;Jugador379;Jugador335,Jugador281;Jugador257;Jugador100;Jugador393;Jugador201;Jugador321;Jugador89,,"Jugador221,Jugador28,Jugador113,Jugador390,Jugador163,Jugador312,Jugador18,Jugador110,Jugador158,Jugador7,Jugador277","Jugador241,Jugador263,Jugador248,Jugador171,Jugador226,Jugador163,Jugador258,Jugador59,Jugador145,Jugador245,Jugador295",Jugador301;Jugador375;Jugador360,Jugador253;Jugador212,,Jugador292 (lesión),
174,18,Tottenham,Brighton,4,2,Jugador196;Jugador52;Jugador153;Jugador23;Jugador376;Jugador15,Jugador284;Jugador218;Jugador109;Jugador355;Jugador137,,"Jugador313,Jugador191,Jugador315,Jugador26,Jugador42,Jugador201,Jugador273,Jugador347,Jugador317,Jugador228,Jugador154","Jugador14,Jugador146,Jugador205,Jugador187,Jugador20,Jugador202,Jugador162,Jugador60,Jugador221,Jugador285,Jugador54",Jugador364;Jugador120;Jugador170;Jugador155;Jugador371;Jugador302,,,,Staff Brighton (amarilla)
175,18,Bournemouth,West Ham,1,2,Jugador67;Jugador205;Jugador29,Jugador64;Jugador75,Jugador67 (penalti),"Jugador361,Jugador327,Jugador288,Jugador56,Jugador93,Jugador355,Jugador377,Jugador275,Jugador178,Jugador53,Jugador221","Jugador239,Jugador163,Jugador306,Jugador359,Jugador219,Jugador348,Jugador117,Jugador366,Jugador181,Jugador179,Jugador383",,Jugador75;Jugador229,,,
176,18,Liverpool,Aston Villa,2,1,Jugador235;Jugador195;Jugador308,Jugador59;Jugador325,,"Jugador293,Jugador286,Jugador375,Jugador184,Jugador147,Jugador249,Jugador194,Jugador252,Jugador179,Jugador280,Jugador9","Jugador4,Jugador324,Jugador91,Jugador200,Jugador18,Jugador302,Jugador194,Jugador285,Jugador212,Jugador294,Jugador101",,,,,
177,18,Nottingham Forest,Newcastle,3,3,Jugador338;Jugador194;Jugador295;Jugador142;Jugador227;Jugador242,Jugador382;Jugador2;Jugador381;Jugador364;Jugador108,,"Jugador294,Jugador371,Jugador383,Jugador56,Jugador42,Jugador48,Jugador336,Jugador286,Jugador20,Jugador260,Jugador69","Jugador128,Jugador267,Jugador282,Jugador87,Jugador178,Jugador275,Jugador176,Jugador300,Jugador336,Jugador309,Jugador253",Jugador400;Jugador334;Jugador311,,,Jugador177 (lesión),
178,18,Burnley,Manchester City,4,2,Jugador265;Jugador53;Jugador69;Jugador204;Jugador239;Jugador318,Jugador209;Jugador320;Jugador292;Jugador89;Jugador51,Jugador265 (penalti),"Jugador279,Jugador27,Jugador179,Jugador278,Jugador284,Jugador34,Jugador289,Jugador334,Jugador256,Jugador219,Jugador216","Jugador349,Jugador212,Jugador210,Jugador98,Jugador168,Jugador316,Jugador65,Jugador317,Jugador220,Jugador74,Jugador233",,Jugador250,,,
179,18,Fulham,Luton Town,3,0,Jugador97;Jugador95;Jugador366,Jugador303;Jugador306,,"Jugador206,Jugador60,Jugador354,Jugador159,Jugador58,Jugador33,Jugador269,Jugador245,Jugador67,Jugador349,Jugador155","Jugador21,Jugador258,Jugador129,Jugador43,Jugador117,Jugador9,Jugador240,Jugador300,Jugador393,Jugador270,Jugador63",Jugador195;Jugador306;Jugador48;Jugador337,,,,
180,18,Brentford,Wolves,1,4,Jugador400;Jugador104;Jugador1;Jugador107;Jugador275,Jugador261;Jugador66;Jugador350;Jugador254,,"Jugador246,Jugador153,Jugador106,Jugador202,Jugador185,Jugador283,Jugador191,Jugador186,Jugador236,Jugador396,Jugador208","Jugador153,Jugador73,Jugador169,Jugador376,Jugador314,Jugador155,Jugador150,Jugador263,Jugador32,Jugador327,Jugador392",Jugador148;Jugador96;Jugador121,Jugador22,,,
181,19,Liverpool,Arsenal,3,4,Jugador241;Jugador20;Jugador184;Jugador373;Jugador392;Jugador186;Jugador331,Jugador263;Jugador47;Jugador146;Jugador76;Jugador18;Jugador36,,"Jugador93,Jugador3,Jugador306,Jugador276,Jugador34,Jugador376,Jugador14,Jugador103,Jugador178,Jugador28,Jugador373","Jugador270,Jugador389,Jugador226,Jugador381,Jugador387,Jugador325,Jugador285,Jugador210,Jugador307,Jugador19,Jugador340",Jugador322;Jugador390,,,,
182,19,Luton Town,Newcastle,1,4,Jugador202;Jugador119;Jugador385;Jugador243;Jugador25,Jugador279;Jugador63;Jugador190;Jugador106,,"Jugador60,Jugador282,Jugador202,Jugador101,Jugador256,Jugador133,Jugador49,Jugador267,Jugador252,Jugador44,Jugador169","Jugador163,Jugador29,Jugador154,Jugador125,Jugador83,Jugador272,Jugador85,Jugador102,Jugador185,Jugador300,Jugador43",Jugador250,Jugador1,,,
183,19,Everton,Manchester United,0,4,Jugador64;Jugador297;Jugador101;Jugador91,Jugador128;Jugador178;Jugador87,,"Jugador264,Jugador329,Jugador358,Jugador266,Jugador308,Jugador27,Jugador321,Jugador92,Jugador322,Jugador133,Jugador251","Jugador292,Jugador189,Jugador246,Jugador153,Jugador109,Jugador306,Jugador304,Jugador239,Jugador320,Jugador151,Jugador299",Jugador147;Jugador202,Jugador25;Jugador13,,,
184,19,Chelsea,Brighton,2,2,Jugador316;Jugador136;Jugador76;Jugador318,Jugador394;Jugador72;Jugador303,,"Jugador138,Jugador192,Jugador25,Jugador249,Jugador237,Jugador3,Jugador204,Jugador136,Jugador134,Jugador330,Jugador22","Jugador80,Jugador76,Jugador79,Jugador115,Jugador292,Jugador210,Jugador95,Jugador331,Jugador319,Jugador260,Jugador123",Jugador151;Jugador235;Jugador383;Jugador256,Jugador254;Jugador372,,Jugador289 (lesión),
185,19,Bournemouth,Burnley,0,4,Jugador320;Jugador327;Jugador96;Jugador23,Jugador315;Jugador198;Jugador238,,"Jugador31,Jugador119,Jugador265,Jugador192,Jugador106,Jugador361,Jugador101,Jugador23,Jugador250,Jugador223,Jugador236","Jugador197,Jugador294,Jugador306,Jugador215,Jugador238,Jugador92,Jugador333,Jugador292,Jugador114,Jugador31,Jugador383",Jugador62;Jugador7;Jugador83;Jugador64;Jugador263;Jugador157,Jugador143;Jugador187,,,Staff Burnley (amarilla)
186,19,Tottenham,Wolves,4,3,Jugador386;Jugador326;Jugador14;Jugador343;Jugador209;Jugador179;Jugador238,Jugador307;Jugador260;Jugador205;Jugador99;Jugador44;Jugador309,,"Jugador128,Jugador276,Jugador45,Jugador184,Jugador319,Jugador188,Jugador16,Jugador321,Jugador175,Jugador122,Jugador91","Jugador13,Jugador254,Jugador341,Jugador386,Jugador47,Jugador40,Jugador320,Jugador177,Jugador70,Jugador317,Jugador242",Jugador144;Jugador340;Jugador271;Jugador282;Jugador180;Jugador196,Jugador260,,,Staff Wolves (amarilla)
187,19,West Ham,Manchester City,0,0,,,,"Jugador284,Jugador368,Jugador43,Jugador224,Jugador287,Jugador209,Jugador189,Jugador335,Jugador97,Jugador93,Jugador353","Jugador216,Jugador138,Jugador200,Jugador43,Jugador236,Jugador128,Jugador284,Jugador157,Jugador217,Jugador245,Jugador376",Jugador41;Jugador2;Jugador274;Jugador12;Jugador29;Jugador290,Jugador184;Jugador305,,,
188,19,Sheffield United,Nottingham Forest,0,4,Jugador93;Jugador127;Jugador106;Jugador392,Jugador306;Jugador198;Jugador192,Jugador93 (penalti),"Jugador368,Jugador367,Jugador25,Jugador226,Jugador91,Jugador47,Jugador10,Jugador321,Jugador59,Jugador331,Jugador249","Jugador220,Jugador338,Jugador218,Jugador195,Jugador400,Jugador140,Jugador113,Jugador212,Jugador263,Jugador217,Jugador194",Jugador142,Jugador295;Jugador255,,,
189,19,Fulham,Brentford,2,0,Jugador303;Jugador18,Jugador92,,"Jugador160,Jugador182,Jugador171,Jugador18,Jugador237,Jugador133,Jugador309,Jugador272,Jugador315,Jugador243,Jugador282","Jugador375,Jugador269,Jugador296,Jugador64,Jugador14,Jugador267,Jugador18,Jugador26,Jugador136,Jugador320,Jugador151",Jugador250;Jugador223;Jugador364,Jugador273;Jugador42,,Jugador381 (lesión),
190,19,Aston Villa,Crystal Palace,0,1,Jugador256,,Jugador256 (penalti),"Jugador84,Jugador182,Jugador323,Jugador285,Jugador363,Jugador296,Jugador315,Jugador115,Jugador80,Jugador125,Jugador120","Jugador302,Jugador184,Jugador99,Jugador333,Jugador90,Jugador211,Jugador181,Jugador20,Jugador175,Jugador208,Jugador371",Jugador292;Jugador37,Jugador25,,,
191,20,Liverpool,Brighton,2,0,Jugador1;Jugador128,Jugador262,,"Jugador200,Jugador256,Jugador387,Jugador252,Jugador363,Jugador194,Jugador114,Jugador115,Jugador50,Jugador399,Jugador210","Jugador81,Jugador267,Jugador119,Jugador150,Jugador386,Jugador221,Jugador170,Jugador209,Jugador248,Jugador224,Jugador1",Jugador65;Jugador266;Jugador293;Jugador354,Jugador79;Jugador157,,,
192,20,Wolves,Burnley,3,4,Jugador38;Jugador290;Jugador111;Jugador16;Jugador300;Jugador127;Jugador307,Jugador375;Jugador271;Jugador361;Jugador261;Jugador121;Jugador137,,"Jugador79,Jugador215,Jugador293,Jugador138,Jugador266,Jugador159,Jugador167,Jugador157,Jugador146,Jugador137,Jugador346","Jugador5,Jugador207,Jugador168,Jugador78,Jugador211,Jugador289,Jugador360,Jugador227,Jugador65,Jugador229,Jugador355",Jugador371;Jugador136;Jugador140;Jugador319,Jugador393;Jugador20,,,
193,20,Bournemouth,Nottingham Forest,1,2,Jugador79;Jugador174;Jugador349,Jugador203;Jugador390,Jugador79 (penalti),"Jugador379,Jugador96,Jugador49,Jugador279,Jugador135,Jugador333,Jugador308,Jugador22,Jugador372,Jugador80,Jugador7","Jugador72,Jugador20,Jugador384,Jugador378,Jugador389,Jugador199,Jugador216,Jugador338,Jugador75,Jugador136,Jugador176",Jugador246,Jugador134,,,
194,20,Newcastle,Arsenal,4,1,Jugador24;Jugador45;Jugador300;Jugador371;Jugador273,Jugador237;Jugador361;Jugador264;Jugador380,Jugador24 (penalti),"Jugador83,Jugador145,Jugador229,Jugador393,Jugador110,Jugador251,Jugador1,Jugador376,Jugador252,Jugador280,Jugador126","Jugador330,Jugador311,Jugador335,Jugador212,Jugador355,Jugador64,Jugador280,Jugador68,Jugador274,Jugador117,Jugador52",Jugador99,,,Jugador61 (lesión),
195,20,Aston Villa,Crystal Palace,0,3,Jugador90;Jugador201;Jugador83,Jugador100;Jugador262,,"Jugador65,Jugador370,Jugador316,Jugador175,Jugador44,Jugador7,Jugador172,Jugador377,Jugador347,Jugador62,Jugador281","Jugador367,Jugador216,Jugador91,Jugador130,Jugador259,Jugador38,Jugador335,Jugador24,Jugador39,Jugador236,Jugador243",Jugador255;Jugador241;Jugador327;Jugador179;Jugador126;Jugador399,Jugador85,,Jugador364 (lesión),
196,20,Manchester United,West Ham,4,3,Jugador372;Jugador54;Jugador356;Jugador213;Jugador252;Jugador180;Jugador329,Jugador166;Jugador336;Jugador122;Jugador363;Jugador96;Jugador9,,"Jugador298,Jugador270,Jugador143,Jugador351,Jugador274,Jugador85,Jugador167,Jugador386,Jugador151,Jugador199,Jugador228","Jugador314,Jugador91,Jugador251,Jugador393,Jugador226,Jugador177,Jugador157,Jugador298,Jugador310,Jugador165,Jugador103",Jugador310;Jugador291;Jugador290;Jugador244;Jugador378;Jugador375,Jugador233;Jugador188,,,Staff West Ham (amarilla)
197,20,Manchester City,Brentford,4,3,Jugador48;Jugador86;Jugador324;Jugador49;Jugador357;Jugador155;Jugador23,Jugador135;Jugador255;Jugador199;Jugador63;Jugador245;Jugador174,,"Jugador272,Jugador300,Jugador269,Jugador334,Jugador12,Jugador20,Jugador158,Jugador284,Jugador145,Jugador262,Jugador74","Jugador192,Jugador158,Jugador87,Jugador203,Jugador362,Jugador176,Jugador184,Jugador88,Jugador374,Jugador61,Jugador290",Jugador202,Jugador270;Jugador232,,,
198,20,Chelsea,Fulham,3,4,Jugador76;Jugador364;Jugador197;Jugador15;Jugador169;Jugador376;Jugador237,Jugador292;Jugador96;Jugador259;Jugador244;Jugador209;Jugador354,Jugador76 (penalti),"Jugador230,Jugador88,Jugador175,Jugador67,Jugador19,Jugador345,Jugador324,Jugador203,Jugador16,Jugador214,Jugador265","Jugador47,Jugador100,Jugador245,Jugador217,Jugador5,Jugador375,Jugador319,Jugador154,Jugador215,Jugador287,Jugador37",Jugador297;Jugador175;Jugador31;Jugador29;Jugador6,,,,
199,20,Everton,Sheffield United,2,1,Jugador70;Jugador77;Jugador83,Jugador273;Jugador120,Jugador70 (penalti),"Jugador334,Jugador343,Jugador54,Jugador264,Jugador370,Jugador16,Jugador309,Jugador41,Jugador176,Jugador219,Jugador133","Jugador13,Jugador188,Jugador111,Jugador183,Jugador180,Jugador87,Jugador73,Jugador31,Jugador341,Jugador174,Jugador312",Jugador204;Jugador258;Jugador335,Jugador325;Jugador237,,,
200,20,Luton Town,Tottenham,4,3,Jugador180;Jugador148;Jugador21;Jugador260;Jugador124;Jugador16;Jugador66,Jugador310;Jugador89;Jugador146;Jugador64;Jugador179;Jugador189,,"Jugador1,Jugador178,Jugador135,Jugador372,Jugador381,Jugador256,Jugador242,Jugador267,Jugador81,Jugador393,Jugador334","Jugador33,Jugador242,Jugador360,Jugador150,Jugador158,Jugador322,Jugador140,Jugador383,Jugador309,Jugador135,Jugador32",Jugador195;Jugador149;Jugador229;Jugador42;Jugador54,Jugador388,,Jugador132 (lesión),
201,21,Crystal Palace,West Ham,3,1,Jugador11;Jugador221;Jugador231;Jugador297,Jugador129;Jugador158;Jugador36,,"Jugador235,Jugador252,Jugador116,Jugador370,Jugador224,Jugador294,Jugador6,Jugador133,Jugador8,Jugador82,Jugador377","Jugador272,Jugador172,Jugador342,Jugador347,Jugador177,Jugador7,Jugador111,Jugador242,Jugador87,Jugador135,Jugador67",Jugador340;Jugador215;Jugador159;Jugador383,,,,
202,21,Wolves,Manchester City,1,1,Jugador203;Jugador364,Jugador298,,"Jugador81,Jugador7,Jugador380,Jugador387,Jugador226,Jugador46,Jugador205,Jugador296,Jugador28,Jugador67,Jugador279","Jugador125,Jugador267,Jugador389,Jugador307,Jugador180,Jugador332,Jugador145,Jugador283,Jugador335,Jugador123,Jugador60",,,,,
203,21,Brighton,Brentford,2,3,Jugador60;Jugador106;Jugador26;Jugador134;Jugador327,Jugador133;Jugador161;Jugador150;Jugador379,,"Jugador240,Jugador91,Jugador129,Jugador136,Jugador332,Jugador354,Jugador51,Jugador222,Jugador346,Jugador41,Jugador308","Jugador362,Jugador106,Jugador179,Jugador151,Jugador277,Jugador71,Jugador6,Jugador73,Jugador333,Jugador155,Jugador384",Jugador252;Jugador370;Jugador312;Jugador61;Jugador202;Jugador183,Jugador379;Jugador156,,,
204,21,Aston Villa,Fulham,1,1,Jugador309;Jugador196,Jugador107,,"Jugador244,Jugador31,Jugador353,Jugador308,Jugador128,Jugador392,Jugador99,Jugador277,Jugador143,Jugador66,Jugador281","Jugador362,Jugador397,Jugador206,Jugador40,Jugador393,Jugador121,Jugador9,Jugador335,Jugador157,Jugador7,Jugador394",,Jugador374;Jugador94,,,
205,21,Arsenal,Bournemouth,4,4,Jugador130;Jugador311;Jugador64;Jugador351;Jugador81;Jugador29;Jugador200;Jugador4,Jugador235;Jugador260;Jugador169;Jugador283;Jugador254;Jugador157;Jugador249,,"Jugador118,Jugador378,Jugador61,Jugador386,Jugador395,Jugador290,Jugador214,Jugador203,Jugador370,Jugador83,Jugador336","Jugador397,Jugador8,Jugador36,Jugador350,Jugador128,Jugador160,Jugador155,Jugador142,Jugador21,Jugador68,Jugador205",Jugador196;Jugador132;Jugador230;Jugador33;Jugador243,Jugador304,,,
206,21,Nottingham Forest,Manchester United,3,2,Jugador373;Jugador301;Jugador143;Jugador147;Jugador48,Jugador372;Jugador271;Jugador338;Jugador86,Jugador373 (penalti),"Jugador315,Jugador146,Jugador165,Jugador88,Jugador201,Jugador216,Jugador256,Jugador107,Jugador275,Jugador332,Jugador104","Jugador98,Jugador134,Jugador206,Jugador328,Jugador140,Jugador199,Jugador120,Jugador268,Jugador187,Jugador50,Jugador265",Jugador259;Jugador28,Jugador343;Jugador98,,,
207,21,Tottenham,Liverpool,0,0,,,,"Jugador102,Jugador289,Jugador191,Jugador101,Jugador331,Jugador162,Jugador109,Jugador231,Jugador108,Jugador397,Jugador394","Jugador199,Jugador124,Jugador330,Jugador339,Jugador171,Jugador87,Jugador225,Jugador337,Jugador56,Jugador399,Jugador62",Jugador329;Jugador69;Jugador164,Jugador181;Jugador5,,Jugador373 (lesión),
208,21,Luton Town,Everton,2,4,Jugador53;Jugador103;Jugador18;Jugador291;Jugador383;Jugador5,Jugador154;Jugador236;Jugador119;Jugador37;Jugador331,,"Jugador290,Jugador347,Jugador249,Jugador217,Jugador303,Jugador390,Jugador167,Jugador110,Jugador351,Jugador20,Jugador358","Jugador10,Jugador296,Jugador26,Jugador207,Jugador15,Jugador278,Jugador103,Jugador183,Jugador79,Jugador337,Jugador109",Jugador206;Jugador167;Jugador284;Jugador200;Jugador209;Jugador78,,,,
209,21,Burnley,Chelsea,4,0,Jugador20;Jugador265;Jugador289;Jugador95,Jugador9;Jugador142;Jugador303,,"Jugador75,Jugador120,Jugador216,Jugador214,Jugador296,Jugador126,Jugador314,Jugador103,Jugador239,Jugador364,Jugador62","Jugador17,Jugador3,Jugador266,Jugador24,Jugador294,Jugador256,Jugador154,Jugador178,Jugador308,Jugador55,Jugador362",Jugador182;Jugador236;Jugador34;Jugador98;Jugador219;Jugador360,Jugador285;Jugador356,,,
210,21,Sheffield United,Newcastle,0,2,Jugador373;Jugador391,Jugador227,,"Jugador170,Jugador351,Jugador276,Jugador337,Jugador47,Jugador215,Jugador9,Jugador391,Jugador40,Jugador246,Jugador212","Jugador94,Jugador338,Jugador186,Jugador144,Jugador281,Jugador56,Jugador296,Jugador53,Jugador263,Jugador160,Jugador269",,,,,
211,22,Nottingham Forest,Burnley,3,2,Jugador168;Jugador154;Jugador360;Jugador272;Jugador352,Jugador385;Jugador40;Jugador31;Jugador233,,"Jugador261,Jugador385,Jugador16,Jugador169,Jugador290,Jugador134,Jugador115,Jugador71,Jugador348,Jugador68,Jugador277","Jugador157,Jugador232,Jugador9,Jugador193,Jugador42,Jugador93,Jugador281,Jugador319,Jugador91,Jugador32,Jugador354",Jugador25;Jugador302,Jugador334;Jugador308,,,
212,22,Manchester United,Arsenal,1,4,Jugador164;Jugador286;Jugador390;Jugador294;Jugador153,Jugador189;Jugador348;Jugador289;Jugador368,Jugador164 (penalti),"Jugador102,Jugador106,Jugador330,Jugador197,Jugador280,Jugador90,Jugador109,Jugador22,Jugador205,Jugador182,Jugador265","Jugador390,Jugador236,Jugador57,Jugador189,Jugador116,Jugador134,Jugador158,Jugador214,Jugador21,Jugador146,Jugador195",Jugador122,,Jugador122 (pierde próximo partido),Jugador47 (lesión),
213,22,Liverpool,Brighton,4,4,Jugador269;Jugador253;Jugador220;Jugador273;Jugador241;Jugador160;Jugador310;Jugador174,Jugador66;Jugador201;Jugador291;Jugador375;Jugador149;Jugador389;Jugador330,,"Jugador42,Jugador120,Jugador54,Jugador43,Jugador222,Jugador290,Jugador294,Jugador149,Jugador359,Jugador249,Jugador94","Jugador55,Jugador162,Jugador63,Jugador108,Jugador163,Jugador46,Jugador220,Jugador94,Jugador333,Jugador87,Jugador334",,,,,
214,22,Sheffield United,West Ham,3,4,Jugador214;Jugador320;Jugador270;Jugador268;Jugador354;Jugador325;Jugador364,Jugador85;Jugador236;Jugador306;Jugador214;Jugador106;Jugador15,,"Jugador33,Jugador111,Jugador290,Jugador389,Jugador279,Jugador227,Jugador123,Jugador108,Jugador161,Jugador164,Jugador256","Jugador178,Jugador286,Jugador72,Jugador132,Jugador379,Jugador331,Jugador173,Jugador352,Jugador278,Jugador308,Jugador381",,Jugador293;Jugador191,,,Staff West Ham (amarilla)
215,22,Tottenham,Brentford,1,4,Jugador299;Jugador2;Jugador35;Jugador85;Jugador236,Jugador32;Jugador365;Jugador317;Jugador161,Jugador299 (penalti),"Jugador265,Jugador128,Jugador120,Jugador6,Jugador399,Jugador22,Jugador123,Jugador352,Jugador150,Jugador262,Jugador296","Jugador209,Jugador23,Jugador188,Jugador370,Jugador353,Jugador167,Jugador277,Jugador61,Jugador221,Jugador355,Jugador280",Jugador379;Jugador59;Jugador63,Jugador385,,,Staff Brentford (amarilla)
216,22,Aston Villa,Wolves,0,1,Jugador200,,Jugador200 (penalti),"Jugador185,Jugador308,Jugador317,Jugador182,Jugador350,Jugador294,Jugador307,Jugador148,Jugador131,Jugador239,Jugador193","Jugador376,Jugador380,Jugador95,Jugador383,Jugador400,Jugador160,Jugador72,Jugador171,Jugador387,Jugador21,Jugador11",Jugador142;Jugador19;Jugador206,,Jugador206 (pierde próximo partido),,
217,22,Crystal Palace,Newcastle,2,2,Jugador314;Jugador344;Jugador232;Jugador361,Jugador342;Jugador252;Jugador204,,"Jugador146,Jugador281,Jugador364,Jugador152,Jugador155,Jugador166,Jugador17,Jugador33,Jugador324,Jugador176,Jugador392","Jugador113,Jugador231,Jugador153,Jugador329,Jugador16,Jugador74,Jugador278,Jugador281,Jugador158,Jugador51,Jugador134",Jugador142;Jugador103,Jugador349;Jugador153,,,
218,22,Chelsea,Manchester City,1,3,Jugador397;Jugador105;Jugador43;Jugador204,Jugador140;Jugador32;Jugador317,,"Jugador16,Jugador31,Jugador355,Jugador99,Jugador345,Jugador386,Jugador393,Jugador29,Jugador129,Jugador349,Jugador145","Jugador177,Jugador203,Jugador59,Jugador376,Jugador98,Jugador44,Jugador304,Jugador261,Jugador86,Jugador323,Jugador97",Jugador201;Jugador299;Jugador224,,,,
219,22,Bournemouth,Luton Town,2,0,Jugador62;Jugador20,Jugador89,,"Jugador27,Jugador135,Jugador46,Jugador400,Jugador271,Jugador361,Jugador239,Jugador378,Jugador171,Jugador235,Jugador195","Jugador38,Jugador231,Jugador207,Jugador296,Jugador90,Jugador386,Jugador61,Jugador158,Jugador156,Jugador73,Jugador34",,Jugador75,,,
220,22,Everton,Fulham,3,0,Jugador139;Jugador195;Jugador81,Jugador121;Jugador125,,"Jugador112,Jugador170,Jugador127,Jugador62,Jugador248,Jugador76,Jugador144,Jugador189,Jugador102,Jugador305,Jugador221","Jugador159,Jugador78,Jugador15,Jugador242,Jugador396,Jugador297,Jugador184,Jugador160,Jugador194,Jugador102,Jugador144",Jugador8;Jugador282;Jugador210;Jugador173;Jugador145;Jugador294,Jugador375,,,
221,23,Arsenal,Luton Town,3,2,Jugador365;Jugador325;Jugador196;Jugador93;Jugador116,Jugador306;Jugador24;Jugador8;Jugador322,,"Jugador346,Jugador397,Jugador156,Jugador300,Jugador336,Jugador275,Jugador294,Jugador315,Jugador155,Jugador119,Jugador217","Jugador370,Jugador93,Jugador292,Jugador392,Jugador13,Jugador349,Jugador246,Jugador395,Jugador114,Jugador36,Jugador254",,Jugador61;Jugador54,,,
222,23,Newcastle,Liverpool,4,4,Jugador158;Jugador373;Jugador246;Jugador307;Jugador276;Jugador259;Jugador220;Jugador83,Jugador23;Jugador45;Jugador386;Jugador389;Jugador88;Jugador273;Jugador290,,"Jugador366,Jugador361,Jugador83,Jugador381,Jugador138,Jugador388,Jugador398,Jugador222,Jugador251,Jugador269,Jugador232","Jugador322,Jugador205,Jugador231,Jugador233,Jugador133,Jugador33,Jugador31,Jugador124,Jugador20,Jugador18,Jugador103",Jugador151,Jugador195;Jugador20,,,
223,23,Manchester United,Crystal Palace,0,3,Jugador127;Jugador112;Jugador20,Jugador173;Jugador261,,"Jugador187,Jugador89,Jugador362,Jugador44,Jugador173,Jugador32,Jugador371,Jugador257,Jugador335,Jugador59,Jugador113","Jugador177,Jugador19,Jugador256,Jugador83,Jugador305,Jugador277,Jugador314,Jugador290,Jugador309,Jugador392,Jugador285",Jugador296;Jugador322;Jugador54;Jugador209,Jugador28,,,
224,23,Chelsea,Tottenham,4,0,Jugador130;Jugador296;Jugador277;Jugador70,Jugador188;Jugador98;Jugador200,,"Jugador123,Jugador302,Jugador137,Jugador385,Jugador132,Jugador400,Jugador188,Jugador91,Jugador26,Jugador173,Jugador181","Jugador194,Jugador22,Jugador197,Jugador258,Jugador136,Jugador349,Jugador17,Jugador129,Jugador299,Jugador34,Jugador112",Jugador336;Jugador290;Jugador335;Jugador101,,,,Staff Tottenham (amarilla)
225,23,Brighton,Bournemouth,1,3,Jugador274;Jugador319;Jugador374;Jugador96,Jugador277;Jugador192;Jugador116,,"Jugador93,Jugador117,Jugador204,Jugador24,Jugador4,Jugador182,Jugador62,Jugador52,Jugador217,Jugador385,Jugador342","Jugador230,Jugador67,Jugador25,Jugador248,Jugador55,Jugador91,Jugador23,Jugador22,Jugador262,Jugador375,Jugador31",Jugador138,Jugador196,,,
226,23,Sheffield United,Manchester City,3,4,Jugador206;Jugador23;Jugador339;Jugador336;Jugador315;Jugador190;Jugador125,Jugador122;Jugador164;Jugador132;Jugador260;Jugador147;Jugador386,,"Jugador55,Jugador289,Jugador59,Jugador106,Jugador161,Jugador104,Jugador140,Jugador131,Jugador30,Jugador245,Jugador58","Jugador171,Jugador269,Jugador184,Jugador179,Jugador21,Jugador395,Jugador371,Jugador259,Jugador379,Jugador257,Jugador283",Jugador376;Jugador368;Jugador320,,,,
227,23,Everton,Burnley,4,1,Jugador119;Jugador292;Jugador196;Jugador20;Jugador69,Jugador101;Jugador107;Jugador124;Jugador386,,"Jugador128,Jugador54,Jugador68,Jugador12,Jugador250,Jugador99,Jugador129,Jugador398,Jugador348,Jugador293,Jugador178","Jugador394,Jugador227,Jugador55,Jugador135,Jugador131,Jugador82,Jugador365,Jugador261,Jugador219,Jugador208,Jugador361",Jugador394;Jugador80;Jugador124;Jugador306,Jugador309;Jugador330,,,
228,23,Brentford,West Ham,0,0,,,,"Jugador260,Jugador212,Jugador137,Jugador124,Jugador250,Jugador236,Jugador396,Jugador248,Jugador158,Jugador255,Jugador345","Jugador287,Jugador227,Jugador232,Jugador169,Jugador358,Jugador284,Jugador140,Jugador87,Jugador208,Jugador252,Jugador306",Jugador218;Jugador399;Jugador335,Jugador232,,,Staff West Ham (amarilla)
229,23,Fulham,Wolves,1,1,Jugador344;Jugador80,Jugador393,Jugador344 (penalti),"Jugador106,Jugador385,Jugador365,Jugador362,Jugador276,Jugador130,Jugador202,Jugador75,Jugador261,Jugador165,Jugador212","Jugador339,Jugador7,Jugador324,Jugador69,Jugador253,Jugador35,Jugador148,Jugador252,Jugador133,Jugador364,Jugador333",Jugador128;Jugador3;Jugador263,,,Jugador377 (lesión),
230,23,Nottingham Forest,Aston Villa,1,2,Jugador360;Jugador215;Jugador84,Jugador361;Jugador217,,"Jugador239,Jugador96,Jugador304,Jugador208,Jugador146,Jugador120,Jugador249,Jugador247,Jugador222,Jugador115,Jugador275","Jugador179,Jugador272,Jugador261,Jugador176,Jugador84,Jugador49,Jugador114,Jugador166,Jugador364,Jugador243,Jugador227",Jugador82;Jugador391;Jugador198;Jugador254;Jugador293;Jugador361,Jugador82;Jugador227,,Jugador66 (lesión),
231,24,Crystal Palace,Everton,0,4,Jugador83;Jugador372;Jugador156;Jugador337,Jugador135;Jugador163;Jugador386,,"Jugador27,Jugador257,Jugador206,Jugador18,Jugador307,Jugador82,Jugador264,Jugador25,Jugador106,Jugador275,Jugador228","Jugador177,Jugador293,Jugador373,Jugador225,Jugador360,Jugador212,Jugador176,Jugador229,Jugador396,Jugador292,Jugador322",Jugador398;Jugador97,Jugador373,,,
232,24,Brentford,West Ham,4,4,Jugador377;Jugador223;Jugador37;Jugador306;Jugador350;Jugador371;Jugador56;Jugador6,Jugador105;Jugador349;Jugador140;Jugador274;Jugador174;Jugador177;Jugador82,,"Jugador269,Jugador337,Jugador29,Jugador355,Jugador287,Jugador389,Jugador153,Jugador125,Jugador24,Jugador375,Jugador102","Jugador290,Jugador374,Jugador232,Jugador314,Jugador378,Jugador349,Jugador28,Jugador215,Jugador205,Jugador318,Jugador214",Jugador274;Jugador21;Jugador142;Jugador74;Jugador202,,,,
233,24,Sheffield United,Chelsea,4,4,Jugador254;Jugador35;Jugador133;Jugador58;Jugador43;Jugador266;Jugador341;Jugador218,Jugador283;Jugador94;Jugador310;Jugador210;Jugador144;Jugador206;Jugador230,Jugador254 (penalti),"Jugador237,Jugador90,Jugador380,Jugador270,Jugador108,Jugador51,Jugador245,Jugador115,Jugador61,Jugador173,Jugador349","Jugador91,Jugador307,Jugador151,Jugador249,Jugador167,Jugador328,Jugador81,Jugador399,Jugador315,Jugador200,Jugador374",Jugador139;Jugador92,Jugador123;Jugador350,,,
234,24,Wolves,Aston Villa,1,4,Jugador369;Jugador238;Jugador50;Jugador206;Jugador62,Jugador70;Jugador352;Jugador23;Jugador319,,"Jugador239,Jugador382,Jugador142,Jugador218,Jugador231,Jugador235,Jugador146,Jugador224,Jugador250,Jugador380,Jugador8","Jugador205,Jugador126,Jugador62,Jugador354,Jugador372,Jugador101,Jugador78,Jugador191,Jugador71,Jugador245,Jugador326",Jugador231;Jugador25;Jugador64,Jugador132,,,
235,24,Burnley,Arsenal,4,2,Jugador395;Jugador189;Jugador165;Jugador64;Jugador292;Jugador251,Jugador48;Jugador38;Jugador264;Jugador31;Jugador142,,"Jugador223,Jugador202,Jugador283,Jugador157,Jugador339,Jugador314,Jugador335,Jugador191,Jugador296,Jugador334,Jugador243","Jugador215,Jugador113,Jugador278,Jugador182,Jugador78,Jugador376,Jugador150,Jugador44,Jugador383,Jugador196,Jugador400",,Jugador231;Jugador55,,,
236,24,Liverpool,Manchester City,1,2,Jugador298;Jugador198;Jugador17,Jugador249;Jugador205,,"Jugador320,Jugador202,Jugador243,Jugador325,Jugador117,Jugador213,Jugador329,Jugador4,Jugador43,Jugador78,Jugador218","Jugador152,Jugador297,Jugador121,Jugador55,Jugador312,Jugador168,Jugador379,Jugador336,Jugador86,Jugador174,Jugador109",Jugador272;Jugador26;Jugador237;Jugador375;Jugador18;Jugador17,Jugador170;Jugador229,,,
237,24,Tottenham,Brighton,4,3,Jugador257;Jugador267;Jugador111;Jugador159;Jugador391;Jugador137;Jugador146,Jugador330;Jugador211;Jugador96;Jugador171;Jugador231;Jugador396,,"Jugador331,Jugador363,Jugador376,Jugador381,Jugador399,Jugador283,Jugador141,Jugador232,Jugador86,Jugador91,Jugador104","Jugador31,Jugador306,Jugador286,Jugador129,Jugador263,Jugador265,Jugador346,Jugador219,Jugador153,Jugador261,Jugador91",Jugador26;Jugador285;Jugador345,,,Jugador94 (lesión),Staff Brighton (amarilla)
238,24,Manchester United,Newcastle,2,2,Jugador367;Jugador175;Jugador322;Jugador252,Jugador295;Jugador66;Jugador119,Jugador367 (penalti),"Jugador280,Jugador223,Jugador12,Jugador113,Jugador195,Jugador271,Jugador76,Jugador171,Jugador169,Jugador92,Jugador285","Jugador67,Jugador201,Jugador120,Jugador359,Jugador264,Jugador94,Jugador398,Jugador294,Jugador209,Jugador187,Jugador255",Jugador365,,,,
239,24,Nottingham Forest,Luton Town,4,3,Jugador253;Jugador146;Jugador363;Jugador345;Jugador107;Jugador370;Jugador31,Jugador359;Jugador142;Jugador210;Jugador366;Jugador30;Jugador299,,"Jugador138,Jugador63,Jugador202,Jugador41,Jugador211,Jugador72,Jugador19,Jugador199,Jugador291,Jugador185,Jugador379","Jugador375,Jugador228,Jugador31,Jugador343,Jugador150,Jugador388,Jugador162,Jugador264,Jugador311,Jugador244,Jugador116",Jugador63;Jugador114;Jugador207,Jugador162;Jugador165,,,
240,24,Fulham,Bournemouth,0,0,,,,"Jugador157,Jugador199,Jugador5,Jugador315,Jugador313,Jugador233,Jugador318,Jugador151,Jugador187,Jugador312,Jugador127","Jugador223,Jugador225,Jugador379,Jugador136,Jugador272,Jugador177,Jugador145,Jugador20,Jugador66,Jugador216,Jugador318",Jugador147;Jugador368;Jugador105;Jugador374;Jugador352,Jugador40,,,
241,25,Tottenham,Nottingham Forest,4,0,Jugador337;Jugador348;Jugador167;Jugador344,Jugador252;Jugador200;Jugador43,,"Jugador123,Jugador135,Jugador114,Jugador337,Jugador49,Jugador5,Jugador359,Jugador185,Jugador32,Jugador347,Jugador107","Jugador189,Jugador15,Jugador182,Jugador126,Jugador132,Jugador295,Jugador196,Jugador234,Jugador308,Jugador109,Jugador145",Jugador397;Jugador92;Jugador241,,,,
242,25,Chelsea,Manchester United,3,3,Jugador293;Jugador212;Jugador51;Jugador310;Jugador347;Jugador368,Jugador165;Jugador272;Jugador306;Jugador31;Jugador153,,"Jugador123,Jugador3,Jugador363,Jugador100,Jugador59,Jugador293,Jugador284,Jugador203,Jugador191,Jugador136,Jugador377","Jugador137,Jugador97,Jugador375,Jugador355,Jugador150,Jugador63,Jugador224,Jugador4,Jugador21,Jugador388,Jugador155",Jugador333;Jugador383;Jugador145;Jugador174;Jugador86;Jugador304,,,Jugador288 (lesión),Staff Manchester United (amarilla)
243,25,Crystal Palace,Fulham,1,1,Jugador284;Jugador231,Jugador185,Jugador284 (penalti),"Jugador183,Jugador353,Jugador311,Jugador346,Jugador348,Jugador232,Jugador272,Jugador392,Jugador372,Jugador310,Jugador87","Jugador273,Jugador225,Jugador198,Jugador245,Jugador310,Jugador188,Jugador328,Jugador277,Jugador20,Jugador35,Jugador397",Jugador289;Jugador161;Jugador207;Jugador298;Jugador98;Jugador242,,,,
244,25,Arsenal,Brentford,4,4,Jugador228;Jugador93;Jugador357;Jugador387;Jugador81;Jugador164;Jugador222;Jugador36,Jugador301;Jugador369;Jugador376;Jugador93;Jugador70;Jugador146;Jugador240,,"Jugador212,Jugador350,Jugador320,Jugador103,Jugador96,Jugador76,Jugador241,Jugador224,Jugador66,Jugador277,Jugador394","Jugador371,Jugador32,Jugador73,Jugador107,Jugador346,Jugador272,Jugador260,Jugador263,Jugador304,Jugador92,Jugador251",Jugador92,Jugador158,,,
245,25,Liverpool,Wolves,4,0,Jugador49;Jugador79;Jugador255;Jugador304,Jugador172;Jugador261;Jugador190,,"Jugador164,Jugador77,Jugador374,Jugador154,Jugador27,Jugador87,Jugador47,Jugador295,Jugador279,Jugador122,Jugador399","Jugador370,Jugador181,Jugador303,Jugador9,Jugador178,Jugador354,Jugador180,Jugador313,Jugador69,Jugador5,Jugador209",Jugador37;Jugador209;Jugador142;Jugador251;Jugador388;Jugador323,,Jugador251 (pierde próximo partido),,
246,25,Manchester City,Newcastle,2,4,Jugador395;Jugador46;Jugador171;Jugador268;Jugador76;Jugador334,Jugador380;Jugador88;Jugador214;Jugador71;Jugador384,,"Jugador36,Jugador299,Jugador157,Jugador194,Jugador395,Jugador245,Jugador306,Jugador6,Jugador79,Jugador321,Jugador389","Jugador376,Jugador155,Jugador47,Jugador28,Jugador27,Jugador380,Jugador196,Jugador239,Jugador25,Jugador172,Jugador94",Jugador19,Jugador356;Jugador69,,,
247,25,Sheffield United,Luton Town,1,0,Jugador26,,,"Jugador384,Jugador128,Jugador344,Jugador338,Jugador394,Jugador302,Jugador182,Jugador95,Jugador116,Jugador354,Jugador213","Jugador342,Jugador43,Jugador285,Jugador191,Jugador90,Jugador255,Jugador98,Jugador66,Jugador233,Jugador123,Jugador8",Jugador173;Jugador326,,,,
248,25,Bournemouth,Aston Villa,4,2,Jugador392;Jugador80;Jugador371;Jugador102;Jugador273;Jugador126,Jugador45;Jugador285;Jugador298;Jugador11;Jugador297,Jugador392 (penalti),"Jugador382,Jugador387,Jugador150,Jugador316,Jugador365,Jugador291,Jugador161,Jugador214,Jugador59,Jugador392,Jugador224","Jugador186,Jugador398,Jugador306,Jugador226,Jugador82,Jugador162,Jugador202,Jugador273,Jugador255,Jugador20,Jugador216",Jugador322;Jugador87,Jugador110;Jugador238,,,Staff Aston Villa (amarilla)
249,25,Brighton,Everton,2,1,Jugador80;Jugador358;Jugador86,Jugador42;Jugador311,,"Jugador120,Jugador245,Jugador400,Jugador352,Jugador184,Jugador358,Jugador84,Jugador214,Jugador380,Jugador48,Jugador332","Jugador375,Jugador337,Jugador52,Jugador287,Jugador98,Jugador16,Jugador6,Jugador43,Jugador205,Jugador34,Jugador288",Jugador307;Jugador345;Jugador44;Jugador337;Jugador29;Jugador371,,,Jugador21 (lesión),
250,25,West Ham,Burnley,0,1,Jugador281,,,"Jugador230,Jugador218,Jugador158,Jugador78,Jugador88,Jugador323,Jugador6,Jugador169,Jugador320,Jugador244,Jugador22","Jugador278,Jugador375,Jugador350,Jugador395,Jugador346,Jugador262,Jugador8,Jugador181,Jugador266,Jugador156,Jugador15",Jugador3;Jugador216,Jugador319;Jugador364,Jugador216 (pierde próximo partido),,
251,26,Bournemouth,Nottingham Forest,1,3,Jugador334;Jugador100;Jugador215;Jugador68,Jugador52;Jugador375;Jugador340,,"Jugador132,Jugador27,Jugador254,Jugador62,Jugador366,Jugador68,Jugador400,Jugador50,Jugador308,Jugador309,Jugador71","Jugador179,Jugador164,Jugador221,Jugador205,Jugador376,Jugador76,Jugador25,Jugador260,Jugador307,Jugador382,Jugador112",Jugador34;Jugador134;Jugador165,Jugador73;Jugador123,,,
252,26,Crystal Palace,Brentford,3,0,Jugador102;Jugador44;Jugador135,Jugador359;Jugador311,,"Jugador338,Jugador385,Jugador163,Jugador340,Jugador380,Jugador12,Jugador50,Jugador356,Jugador191,Jugador31,Jugador96","Jugador90,Jugador220,Jugador307,Jugador44,Jugador72,Jugador397,Jugador70,Jugador399,Jugador388,Jugador27,Jugador6",Jugador306;Jugador253;Jugador107;Jugador334;Jugador50;Jugador378,Jugador240,,,
253,26,Tottenham,Chelsea,0,0,,,,"Jugador219,Jugador80,Jugador348,Jugador263,Jugador14,Jugador227,Jugador387,Jugador50,Jugador117,Jugador153,Jugador67","Jugador112,Jugador195,Jugador335,Jugador161,Jugador240,Jugador305,Jugador244,Jugador207,Jugador341,Jugador53,Jugador133",Jugador48;Jugador166;Jugador211;Jugador312,Jugador312;Jugador291,,,
254,26,Brighton,Burnley,4,1,Jugador89;Jugador351;Jugador334;Jugador117;Jugador176,Jugador328;Jugador42;Jugador247;Jugador377,Jugador89 (penalti),"Jugador137,Jugador14,Jugador311,Jugador39,Jugador389,Jugador143,Jugador362,Jugador232,Jugador40,Jugador166,Jugador1","Jugador108,Jugador130,Jugador60,Jugador62,Jugador123,Jugador89,Jugador75,Jugador312,Jugador85,Jugador57,Jugador22",Jugador208;Jugador328,,,,
255,26,Manchester City,Sheffield United,2,0,Jugador15;Jugador222,Jugador353,,"Jugador168,Jugador184,Jugador10,Jugador55,Jugador215,Jugador256,Jugador45,Jugador268,Jugador296,Jugador175,Jugador298","Jugador297,Jugador243,Jugador340,Jugador128,Jugador45,Jugador237,Jugador159,Jugador87,Jugador135,Jugador207,Jugador306",Jugador372;Jugador298;Jugador380;Jugador197;Jugador381;Jugador124,,,,
256,26,Arsenal,Everton,2,2,Jugador211;Jugador333;Jugador56;Jugador173,Jugador361;Jugador383;Jugador398,,"Jugador71,Jugador305,Jugador358,Jugador274,Jugador47,Jugador244,Jugador149,Jugador69,Jugador238,Jugador114,Jugador100","Jugador77,Jugador174,Jugador396,Jugador196,Jugador279,Jugador72,Jugador276,Jugador365,Jugador97,Jugador388,Jugador301",Jugador184;Jugador222,Jugador219;Jugador227,,,
257,26,Liverpool,Fulham,4,1,Jugador395;Jugador24;Jugador143;Jugador326;Jugador195,Jugador222;Jugador87;Jugador13;Jugador276,,"Jugador18,Jugador218,Jugador207,Jugador364,Jugador344,Jugador174,Jugador134,Jugador104,Jugador350,Jugador169,Jugador65","Jugador58,Jugador56,Jugador83,Jugador381,Jugador311,Jugador324,Jugador137,Jugador322,Jugador354,Jugador143,Jugador346",Jugador250;Jugador396;Jugador206,,,,
258,26,Luton Town,Aston Villa,0,4,Jugador385;Jugador148;Jugador203;Jugador31,Jugador215;Jugador364;Jugador244,,"Jugador6,Jugador321,Jugador244,Jugador65,Jugador232,Jugador320,Jugador112,Jugador359,Jugador106,Jugador7,Jugador190","Jugador269,Jugador67,Jugador358,Jugador200,Jugador29,Jugador264,Jugador220,Jugador169,Jugador291,Jugador323,Jugador52",Jugador367;Jugador332,Jugador147,,Jugador67 (lesión),
259,26,Manchester United,Wolves,0,1,Jugador106,,,"Jugador276,Jugador176,Jugador300,Jugador116,Jugador66,Jugador373,Jugador326,Jugador380,Jugador367,Jugador290,Jugador334","Jugador151,Jugador367,Jugador276,Jugador236,Jugador335,Jugador86,Jugador171,Jugador44,Jugador386,Jugador166,Jugador141",Jugador149;Jugador6;Jugador176;Jugador392,Jugador350,,Jugador21 (lesión),
260,26,West Ham,Newcastle,1,1,Jugador274;Jugador400,Jugador388,,"Jugador361,Jugador77,Jugador35,Jugador171,Jugador303,Jugador255,Jugador189,Jugador212,Jugador2,Jugador87,Jugador326","Jugador178,Jugador59,Jugador228,Jugador329,Jugador381,Jugador323,Jugador165,Jugador300,Jugador362,Jugador291,Jugador400",Jugador395;Jugador360,Jugador101;Jugador230,,,
261,27,Manchester City,Manchester United,4,0,Jugador298;Jugador331;Jugador19;Jugador244,Jugador98;Jugador335;Jugador234,,"Jugador54,Jugador139,Jugador116,Jugador63,Jugador292,Jugador32,Jugador43,Jugador223,Jugador97,Jugador25,Jugador258","Jugador210,Jugador345,Jugador95,Jugador179,Jugador123,Jugador326,Jugador302,Jugador127,Jugador120,Jugador204,Jugador38",Jugador381,Jugador242;Jugador107,,,
262,27,Tottenham,Aston Villa,1,1,Jugador93;Jugador166,Jugador356,,"Jugador397,Jugador153,Jugador387,Jugador256,Jugador373,Jugador3,Jugador35,Jugador270,Jugador298,Jugador302,Jugador247","Jugador119,Jugador325,Jugador234,Jugador242,Jugador107,Jugador72,Jugador166,Jugador115,Jugador26,Jugador316,Jugador285",Jugador376;Jugador182,Jugador315;Jugador258,,,
263,27,Brentford,Nottingham Forest,2,2,Jugador110;Jugador280;Jugador201;Jugador262,Jugador390;Jugador255;Jugador353,,"Jugador330,Jugador360,Jugador240,Jugador308,Jugador37,Jugador180,Jugador29,Jugador281,Jugador236,Jugador100,Jugador303","Jugador334,Jugador373,Jugador129,Jugador116,Jugador381,Jugador217,Jugador236,Jugador386,Jugador332,Jugador140,Jugador85",Jugador374;Jugador134;Jugador113;Jugador241,Jugador112;Jugador235,,,
264,27,Newcastle,Liverpool,3,2,Jugador293;Jugador49;Jugador267;Jugador6;Jugador286,Jugador10;Jugador370;Jugador210;Jugador342,,"Jugador373,Jugador117,Jugador26,Jugador385,Jugador139,Jugador310,Jugador29,Jugador23,Jugador240,Jugador93,Jugador246","Jugador380,Jugador255,Jugador25,Jugador76,Jugador236,Jugador188,Jugador131,Jugador191,Jugador263,Jugador208,Jugador260",Jugador31;Jugador352,,,,
265,27,Crystal Palace,Sheffield United,1,2,Jugador267;Jugador122;Jugador357,Jugador372;Jugador86,,"Jugador255,Jugador198,Jugador286,Jugador142,Jugador344,Jugador249,Jugador141,Jugador365,Jugador45,Jugador113,Jugador110","Jugador253,Jugador83,Jugador41,Jugador16,Jugador79,Jugador23,Jugador92,Jugador80,Jugador59,Jugador355,Jugador175",Jugador274,Jugador166,,,
266,27,Wolves,Fulham,2,1,Jugador256;Jugador21;Jugador49,Jugador343;Jugador306,,"Jugador95,Jugador107,Jugador252,Jugador260,Jugador71,Jugador339,Jugador45,Jugador305,Jugador173,Jugador370,Jugador213","Jugador305,Jugador160,Jugador95,Jugador295,Jugador355,Jugador42,Jugador55,Jugador167,Jugador86,Jugador62,Jugador150",Jugador355;Jugador68;Jugador376,,,,
267,27,Bournemouth,Everton,3,4,Jugador110;Jugador167;Jugador303;Jugador97;Jugador92;Jugador263;Jugador326,Jugador158;Jugador250;Jugador57;Jugador85;Jugador253;Jugador109,,"Jugador182,Jugador122,Jugador19,Jugador258,Jugador372,Jugador10,Jugador298,Jugador150,Jugador270,Jugador289,Jugador384","Jugador72,Jugador284,Jugador123,Jugador26,Jugador377,Jugador203,Jugador277,Jugador382,Jugador96,Jugador42,Jugador35",Jugador179,Jugador326,,,
268,27,Arsenal,Luton Town,0,3,Jugador202;Jugador54;Jugador289,Jugador281;Jugador223,,"Jugador17,Jugador278,Jugador174,Jugador399,Jugador306,Jugador250,Jugador264,Jugador365,Jugador302,Jugador184,Jugador162","Jugador126,Jugador302,Jugador97,Jugador280,Jugador155,Jugador364,Jugador383,Jugador51,Jugador151,Jugador80,Jugador237",Jugador373;Jugador356;Jugador309;Jugador185;Jugador393,,,Jugador284 (lesión),
269,27,Brighton,West Ham,3,1,Jugador267;Jugador109;Jugador91;Jugador368,Jugador351;Jugador359;Jugador21,,"Jugador183,Jugador14,Jugador176,Jugador199,Jugador201,Jugador233,Jugador163,Jugador214,Jugador226,Jugador284,Jugador3","Jugador2,Jugador171,Jugador191,Jugador274,Jugador216,Jugador238,Jugador231,Jugador184,Jugador67,Jugador258,Jugador94",Jugador50;Jugador182;Jugador30;Jugador22,Jugador394;Jugador84,,,
270,27,Chelsea,Burnley,3,1,Jugador151;Jugador22;Jugador142;Jugador141,Jugador50;Jugador20;Jugador22,,"Jugador240,Jugador132,Jugador63,Jugador381,Jugador295,Jugador380,Jugador287,Jugador214,Jugador354,Jugador278,Jugador171","Jugador363,Jugador244,Jugador385,Jugador355,Jugador300,Jugador268,Jugador82,Jugador184,Jugador373,Jugador326,Jugador9",Jugador339;Jugador79;Jugador165,Jugador206;Jugador28,,,
271,28,Burnley,Brentford,3,0,Jugador135;Jugador198;Jugador178,Jugador198;Jugador205,Jugador135 (penalti),"Jugador339,Jugador13,Jugador39,Jugador147,Jugador363,Jugador253,Jugador202,Jugador264,Jugador303,Jugador248,Jugador335","Jugador73,Jugador317,Jugador152,Jugador196,Jugador197,Jugador201,Jugador264,Jugador111,Jugador144,Jugador245,Jugador31",Jugador291;Jugador245,,Jugador291 (pierde próximo partido),,
272,28,Sheffield United,Wolves,0,2,Jugador194;Jugador152,Jugador59,,"Jugador332,Jugador56,Jugador46,Jugador152,Jugador283,Jugador81,Jugador181,Jugador175,Jugador279,Jugador219,Jugador153","Jugador54,Jugador264,Jugador94,Jugador248,Jugador273,Jugador79,Jugador397,Jugador371,Jugador156,Jugador47,Jugador111",Jugador161;Jugador273;Jugador125,Jugador277;Jugador165,Jugador125 (pierde próximo partido),,
273,28,Luton Town,Manchester United,0,1,Jugador161,,,"Jugador185,Jugador251,Jugador50,Jugador208,Jugador221,Jugador159,Jugador30,Jugador54,Jugador161,Jugador124,Jugador197","Jugador202,Jugador303,Jugador247,Jugador251,Jugador369,Jugador209,Jugador283,Jugador289,Jugador199,Jugador248,Jugador392",Jugador52,Jugador19;Jugador293,Jugador52 (pierde próximo partido),,
274,28,Everton,West Ham,1,2,Jugador353;Jugador251;Jugador75,Jugador185;Jugador285,,"Jugador262,Jugador316,Jugador220,Jugador142,Jugador195,Jugador104,Jugador252,Jugador222,Jugador270,Jugador12,Jugador187","Jugador70,Jugador108,Jugador23,Jugador300,Jugador147,Jugador47,Jugador102,Jugador79,Jugador42,Jugador54,Jugador55",Jugador219;Jugador253;Jugador62;Jugador231;Jugador264;Jugador186,Jugador111;Jugador1,,,
275,28,Tottenham,Chelsea,0,4,Jugador5;Jugador81;Jugador222;Jugador198,Jugador44;Jugador114;Jugador310,,"Jugador4,Jugador145,Jugador245,Jugador349,Jugador33,Jugador285,Jugador364,Jugador337,Jugador76,Jugador21,Jugador234","Jugador80,Jugador183,Jugador131,Jugador355,Jugador66,Jugador197,Jugador313,Jugador362,Jugador336,Jugador125,Jugador81",Jugador193;Jugador281;Jugador392;Jugador396;Jugador118;Jugador230,,,,
276,28,Nottingham Forest,Liverpool,3,1,Jugador255;Jugador377;Jugador78;Jugador57,Jugador134;Jugador32;Jugador262,,"Jugador312,Jugador64,Jugador384,Jugador105,Jugador42,Jugador330,Jugador21,Jugador57,Jugador261,Jugador249,Jugador367","Jugador236,Jugador115,Jugador151,Jugador139,Jugador309,Jugador320,Jugador377,Jugador385,Jugador165,Jugador167,Jugador70",Jugador45;Jugador192;Jugador37;Jugador265;Jugador43;Jugador151,,,,
277,28,Fulham,Arsenal,4,3,Jugador240;Jugador279;Jugador209;Jugador338;Jugador344;Jugador179;Jugador216,Jugador70;Jugador344;Jugador325;Jugador196;Jugador225;Jugador192,,"Jugador228,Jugador316,Jugador100,Jugador296,Jugador43,Jugador114,Jugador361,Jugador180,Jugador266,Jugador117,Jugador233","Jugador398,Jugador50,Jugador203,Jugador122,Jugador385,Jugador331,Jugador227,Jugador197,Jugador339,Jugador58,Jugador9",Jugador48;Jugador3,Jugador219,,,Staff Arsenal (amarilla)
278,28,Crystal Palace,Manchester City,2,3,Jugador48;Jugador344;Jugador251;Jugador285;Jugador264,Jugador34;Jugador47;Jugador349;Jugador12,,"Jugador244,Jugador328,Jugador216,Jugador122,Jugador123,Jugador138,Jugador106,Jugador57,Jugador75,Jugador181,Jugador93","Jugador173,Jugador92,Jugador323,Jugador14,Jugador183,Jugador122,Jugador70,Jugador205,Jugador37,Jugador288,Jugador187",Jugador26;Jugador191;Jugador213;Jugador303;Jugador90;Jugador164,Jugador208,Jugador213 (pierde próximo partido),,
279,28,Newcastle,Aston Villa,0,1,Jugador11,,,"Jugador114,Jugador234,Jugador145,Jugador344,Jugador74,Jugador44,Jugador334,Jugador369,Jugador209,Jugador96,Jugador29","Jugador369,Jugador200,Jugador289,Jugador62,Jugador81,Jugador159,Jugador56,Jugador298,Jugador151,Jugador338,Jugador268",Jugador303;Jugador26;Jugador320;Jugador260,Jugador190;Jugador252,,,
280,28,Brighton,Bournemouth,3,3,Jugador117;Jugador16;Jugador212;Jugador245;Jugador320;Jugador46,Jugador248;Jugador7;Jugador177;Jugador398;Jugador276,Jugador117 (penalti),"Jugador103,Jugador290,Jugador231,Jugador202,Jugador194,Jugador12,Jugador287,Jugador380,Jugador343,Jugador92,Jugador361","Jugador341,Jugador251,Jugador352,Jugador373,Jugador181,Jugador24,Jugador233,Jugador22,Jugador204,Jugador236,Jugador182",Jugador133;Jugador131,Jugador239,,,
281,29,Manchester United,Luton Town,4,0,Jugador66;Jugador259;Jugador161;Jugador270,Jugador70;Jugador336;Jugador330,Jugador66 (penalti),"Jugador373,Jugador300,Jugador201,Jugador228,Jugador136,Jugador275,Jugador224,Jugador383,Jugador345,Jugador137,Jugador252","Jugador8,Jugador147,Jugador364,Jugador383,Jugador17,Jugador315,Jugador313,Jugador166,Jugador199,Jugador52,Jugador314",Jugador206;Jugador255;Jugador104;Jugador189;Jugador333,Jugador355,,,
282,29,Aston Villa,Brighton,1,2,Jugador139;Jugador21;Jugador314,Jugador300;Jugador108,,"Jugador100,Jugador285,Jugador26,Jugador260,Jugador22,Jugador68,Jugador216,Jugador183,Jugador392,Jugador62,Jugador362","Jugador3,Jugador197,Jugador235,Jugador214,Jugador48,Jugador222,Jugador338,Jugador94,Jugador159,Jugador170,Jugador307",Jugador330;Jugador247;Jugador99;Jugador54;Jugador360,Jugador291;Jugador263,,Jugador35 (lesión),
283,29,Wolves,Liverpool,4,3,Jugador23;Jugador218;Jugador104;Jugador283;Jugador375;Jugador261;Jugador63,Jugador310;Jugador306;Jugador168;Jugador357;Jugador99;Jugador178,,"Jugador393,Jugador340,Jugador61,Jugador129,Jugador27,Jugador96,Jugador206,Jugador342,Jugador84,Jugador202,Jugador219","Jugador314,Jugador390,Jugador380,Jugador175,Jugador140,Jugador271,Jugador351,Jugador258,Jugador23,Jugador123,Jugador254",Jugador207;Jugador31;Jugador208;Jugador240;Jugador391,,,,
284,29,Manchester City,Crystal Palace,2,0,Jugador107;Jugador101,Jugador371,,"Jugador343,Jugador102,Jugador210,Jugador30,Jugador76,Jugador340,Jugador382,Jugador302,Jugador87,Jugador305,Jugador191","Jugador244,Jugador363,Jugador207,Jugador137,Jugador35,Jugador135,Jugador328,Jugador204,Jugador304,Jugador218,Jugador387",,Jugador124;Jugador305,,,
285,29,Burnley,Everton,2,0,Jugador184;Jugador353,Jugador143,,"Jugador336,Jugador193,Jugador73,Jugador366,Jugador64,Jugador215,Jugador78,Jugador42,Jugador19,Jugador221,Jugador362","Jugador1,Jugador189,Jugador329,Jugador117,Jugador219,Jugador46,Jugador125,Jugador146,Jugador215,Jugador154,Jugador133",Jugador138,,,,
286,29,Brentford,Fulham,0,0,,,,"Jugador46,Jugador265,Jugador227,Jugador222,Jugador103,Jugador229,Jugador132,Jugador400,Jugador262,Jugador47,Jugador238","Jugador254,Jugador365,Jugador48,Jugador269,Jugador366,Jugador121,Jugador155,Jugador12,Jugador266,Jugador398,Jugador244",Jugador274;Jugador122;Jugador323;Jugador55;Jugador104,,,,
287,29,Chelsea,Arsenal,3,0,Jugador237;Jugador85;Jugador376,Jugador60;Jugador345,,"Jugador181,Jugador169,Jugador284,Jugador359,Jugador125,Jugador192,Jugador54,Jugador318,Jugador218,Jugador268,Jugador357","Jugador39,Jugador340,Jugador343,Jugador21,Jugador68,Jugador287,Jugador88,Jugador296,Jugador167,Jugador175,Jugador164",Jugador325;Jugador220,,,,
288,29,Newcastle,Sheffield United,0,0,,,,"Jugador298,Jugador290,Jugador240,Jugador236,Jugador161,Jugador398,Jugador80,Jugador139,Jugador172,Jugador11,Jugador219","Jugador328,Jugador365,Jugador1,Jugador376,Jugador287,Jugador250,Jugador247,Jugador354,Jugador106,Jugador191,Jugador22",Jugador321,Jugador196,,,
289,29,Nottingham Forest,West Ham,1,4,Jugador56;Jugador300;Jugador358;Jugador269;Jugador345,Jugador161;Jugador98;Jugador254;Jugador372,Jugador56 (penalti),"Jugador91,Jugador396,Jugador47,Jugador181,Jugador19,Jugador234,Jugador348,Jugador69,Jugador346,Jugador321,Jugador362","Jugador391,Jugador203,Jugador35,Jugador346,Jugador91,Jugador369,Jugador291,Jugador361,Jugador104,Jugador42,Jugador8",Jugador256;Jugador341;Jugador244;Jugador250;Jugador4;Jugador281,Jugador70,,,
290,29,Tottenham,Bournemouth,1,3,Jugador154;Jugador281;Jugador102;Jugador183,Jugador319;Jugador297;Jugador206,Jugador154 (penalti),"Jugador342,Jugador188,Jugador81,Jugador284,Jugador56,Jugador74,Jugador279,Jugador289,Jugador191,Jugador328,Jugador135","Jugador391,Jugador60,Jugador128,Jugador195,Jugador295,Jugador238,Jugador63,Jugador13,Jugador200,Jugador66,Jugador180",Jugador76;Jugador225;Jugador349;Jugador206;Jugador97,Jugador160,,,
291,30,Burnley,West Ham,3,2,Jugador363;Jugador26;Jugador34;Jugador346;Jugador19,Jugador11;Jugador397;Jugador283;Jugador290,,"Jugador209,Jugador17,Jugador47,Jugador289,Jugador150,Jugador281,Jugador60,Jugador98,Jugador258,Jugador215,Jugador246","Jugador281,Jugador275,Jugador375,Jugador238,Jugador145,Jugador348,Jugador343,Jugador305,Jugador325,Jugador299,Jugador200",,Jugador252;Jugador19,,Jugador145 (lesión),
292,30,Manchester United,Everton,3,3,Jugador130;Jugador360;Jugador303;Jugador390;Jugador95;Jugador136,Jugador141;Jugador283;Jugador300;Jugador335;Jugador328,,"Jugador47,Jugador130,Jugador142,Jugador211,Jugador196,Jugador220,Jugador344,Jugador144,Jugador177,Jugador346,Jugador163","Jugador258,Jugador191,Jugador321,Jugador90,Jugador44,Jugador324,Jugador316,Jugador150,Jugador12,Jugador34,Jugador314",Jugador25;Jugador4,Jugador258,,,
293,30,Wolves,Brentford,3,0,Jugador391;Jugador15;Jugador241,Jugador363;Jugador355,,"Jugador93,Jugador106,Jugador164,Jugador59,Jugador267,Jugador3,Jugador356,Jugador276,Jugador345,Jugador89,Jugador397","Jugador303,Jugador340,Jugador140,Jugador8,Jugador114,Jugador116,Jugador44,Jugador89,Jugador353,Jugador313,Jugador129",Jugador111;Jugador182;Jugador98;Jugador226,,,,
294,30,Brighton,Newcastle,3,0,Jugador358;Jugador213;Jugador353,Jugador179;Jugador315,,"Jugador62,Jugador214,Jugador1,Jugador210,Jugador335,Jugador301,Jugador91,Jugador23,Jugador148,Jugador389,Jugador124","Jugador16,Jugador177,Jugador374,Jugador39,Jugador226,Jugador158,Jugador209,Jugador274,Jugador159,Jugador240,Jugador378",Jugador91;Jugador43;Jugador361;Jugador39,,,,
295,30,Arsenal,Tottenham,4,0,Jugador354;Jugador37;Jugador194;Jugador207,Jugador37;Jugador292;Jugador353,Jugador354 (penalti),"Jugador292,Jugador59,Jugador99,Jugador75,Jugador323,Jugador253,Jugador367,Jugador51,Jugador103,Jugador199,Jugador371","Jugador339,Jugador126,Jugador46,Jugador158,Jugador150,Jugador354,Jugador340,Jugador365,Jugador173,Jugador345,Jugador52",Jugador189;Jugador36;Jugador265,Jugador123;Jugador87,Jugador36 (pierde próximo partido),,
296,30,Manchester City,Luton Town,2,1,Jugador342;Jugador144;Jugador141,Jugador18;Jugador75,,"Jugador327,Jugador345,Jugador348,Jugador278,Jugador320,Jugador395,Jugador356,Jugador91,Jugador102,Jugador297,Jugador264","Jugador395,Jugador11,Jugador376,Jugador340,Jugador17,Jugador127,Jugador108,Jugador224,Jugador10,Jugador341,Jugador317",,Jugador73,,,
297,30,Sheffield United,Aston Villa,3,3,Jugador212;Jugador208;Jugador81;Jugador225;Jugador106;Jugador79,Jugador150;Jugador60;Jugador304;Jugador114;Jugador372,,"Jugador320,Jugador386,Jugador87,Jugador179,Jugador67,Jugador206,Jugador360,Jugador168,Jugador369,Jugador191,Jugador390","Jugador161,Jugador291,Jugador155,Jugador227,Jugador61,Jugador207,Jugador197,Jugador353,Jugador396,Jugador363,Jugador393",Jugador342;Jugador5;Jugador239;Jugador284;Jugador263;Jugador355,Jugador329,,,Staff Aston Villa (amarilla)
298,30,Fulham,Nottingham Forest,1,2,Jugador41;Jugador328;Jugador133,Jugador361;Jugador346,,"Jugador397,Jugador338,Jugador209,Jugador325,Jugador260,Jugador392,Jugador210,Jugador9,Jugador353,Jugador374,Jugador349","Jugador339,Jugador247,Jugador36,Jugador305,Jugador127,Jugador154,Jugador261,Jugador321,Jugador165,Jugador256,Jugador72",Jugador119;Jugador20;Jugador85;Jugador238;Jugador378;Jugador274,Jugador18,,Jugador389 (lesión),
299,30,Bournemouth,Crystal Palace,4,3,Jugador373;Jugador107;Jugador264;Jugador317;Jugador165;Jugador259;Jugador57,Jugador214;Jugador53;Jugador30;Jugador82;Jugador222;Jugador146,,"Jugador279,Jugador133,Jugador147,Jugador214,Jugador215,Jugador118,Jugador79,Jugador322,Jugador296,Jugador188,Jugador267","Jugador381,Jugador28,Jugador121,Jugador280,Jugador330,Jugador150,Jugador291,Jugador340,Jugador363,Jugador78,Jugador353",Jugador342;Jugador130;Jugador194;Jugador26,,,,
300,30,Liverpool,Chelsea,0,3,Jugador209;Jugador119;Jugador248,Jugador312;Jugador62,Jugador209 (penalti),"Jugador129,Jugador10,Jugador336,Jugador286,Jugador234,Jugador394,Jugador150,Jugador135,Jugador158,Jugador376,Jugador130","Jugador391,Jugador54,Jugador100,Jugador228,Jugador232,Jugador67,Jugador129,Jugador309,Jugador329,Jugador80,Jugador142",Jugador388;Jugador47;Jugador99,,,,
301,31,Brighton,Crystal Palace,2,4,Jugador71;Jugador253;Jugador100;Jugador137;Jugador354;Jugador303,Jugador382;Jugador204;Jugador205;Jugador9;Jugador308,,"Jugador122,Jugador213,Jugador215,Jugador322,Jugador148,Jugador387,Jugador388,Jugador356,Jugador393,Jugador209,Jugador340","Jugador145,Jugador165,Jugador290,Jugador242,Jugador133,Jugador382,Jugador90,Jugador374,Jugador89,Jugador39,Jugador375",Jugador387;Jugador84;Jugador65,Jugador21,,,
302,31,Fulham,Manchester United,3,0,Jugador388;Jugador243;Jugador95,Jugador5;Jugador279,Jugador388 (penalti),"Jugador377,Jugador78,Jugador225,Jugador248,Jugador215,Jugador54,Jugador200,Jugador192,Jugador319,Jugador188,Jugador11","Jugador50,Jugador100,Jugador84,Jugador244,Jugador242,Jugador143,Jugador311,Jugador106,Jugador76,Jugador93,Jugador86",Jugador123;Jugador151;Jugador343;Jugador94;Jugador204;Jugador90,,,Jugador182 (lesión),
303,31,Nottingham Forest,Luton Town,3,4,Jugador9;Jugador102;Jugador289;Jugador49;Jugador98;Jugador71;Jugador42,Jugador223;Jugador364;Jugador170;Jugador15;Jugador249;Jugador19,,"Jugador341,Jugador66,Jugador149,Jugador72,Jugador384,Jugador18,Jugador399,Jugador159,Jugador229,Jugador338,Jugador389","Jugador366,Jugador220,Jugador356,Jugador253,Jugador354,Jugador110,Jugador338,Jugador80,Jugador242,Jugador149,Jugador287",,Jugador95;Jugador397,,,
304,31,Aston Villa,Brentford,3,0,Jugador224;Jugador307;Jugador62,Jugador109;Jugador77,,"Jugador293,Jugador270,Jugador118,Jugador62,Jugador245,Jugador381,Jugador209,Jugador286,Jugador1,Jugador97,Jugador137","Jugador102,Jugador321,Jugador99,Jugador151,Jugador203,Jugador388,Jugador107,Jugador251,Jugador252,Jugador86,Jugador358",Jugador337;Jugador289;Jugador302;Jugador264;Jugador297;Jugador376,,,,
305,31,Liverpool,Everton,2,4,Jugador168;Jugador144;Jugador355;Jugador319;Jugador7;Jugador218,Jugador283;Jugador74;Jugador98;Jugador36;Jugador197,,"Jugador40,Jugador15,Jugador116,Jugador67,Jugador295,Jugador68,Jugador199,Jugador271,Jugador171,Jugador18,Jugador270","Jugador359,Jugador198,Jugador232,Jugador344,Jugador250,Jugador62,Jugador144,Jugador104,Jugador55,Jugador248,Jugador225",Jugador345;Jugador337;Jugador382;Jugador98;Jugador374,Jugador253,,,
306,31,Burnley,Wolves,3,3,Jugador321;Jugador227;Jugador172;Jugador26;Jugador380;Jugador335,Jugador112;Jugador66;Jugador376;Jugador34;Jugador76,,"Jugador28,Jugador220,Jugador296,Jugador302,Jugador318,Jugador92,Jugador335,Jugador178,Jugador336,Jugador8,Jugador26","Jugador12,Jugador18,Jugador233,Jugador389,Jugador228,Jugador196,Jugador376,Jugador305,Jugador229,Jugador285,Jugador333",,Jugador128,,,
307,31,Sheffield United,Bournemouth,4,3,Jugador320;Jugador114;Jugador366;Jugador46;Jugador388;Jugador351;Jugador1,Jugador12;Jugador55;Jugador278;Jugador310;Jugador241;Jugador48,,"Jugador334,Jugador236,Jugador41,Jugador106,Jugador397,Jugador337,Jugador246,Jugador263,Jugador206,Jugador114,Jugador27","Jugador35,Jugador388,Jugador243,Jugador376,Jugador251,Jugador170,Jugador103,Jugador386,Jugador380,Jugador261,Jugador12",Jugador58;Jugador130;Jugador173;Jugador59;Jugador365;Jugador286,Jugador156;Jugador96,Jugador58 (pierde próximo partido),,
308,31,West Ham,Newcastle,0,1,Jugador158,,,"Jugador351,Jugador15,Jugador54,Jugador328,Jugador133,Jugador101,Jugador226,Jugador355,Jugador397,Jugador95,Jugador92","Jugador170,Jugador372,Jugador308,Jugador171,Jugador306,Jugador256,Jugador159,Jugador77,Jugador379,Jugador95,Jugador382",Jugador60;Jugador308,Jugador107,,,Staff Newcastle (amarilla)
309,31,Chelsea,Tottenham,2,4,Jugador156;Jugador118;Jugador294;Jugador223;Jugador158;Jugador121,Jugador67;Jugador122;Jugador108;Jugador203;Jugador64,,"Jugador107,Jugador89,Jugador395,Jugador283,Jugador212,Jugador26,Jugador71,Jugador20,Jugador325,Jugador116,Jugador177","Jugador256,Jugador145,Jugador265,Jugador210,Jugador247,Jugador5,Jugador177,Jugador100,Jugador336,Jugador102,Jugador352",,Jugador3;Jugador266,,,
310,31,Arsenal,Manchester City,1,1,Jugador236;Jugador87,Jugador333,Jugador236 (penalti),"Jugador29,Jugador56,Jugador208,Jugador283,Jugador249,Jugador344,Jugador73,Jugador275,Jugador218,Jugador120,Jugador355","Jugador108,Jugador139,Jugador347,Jugador391,Jugador377,Jugador309,Jugador267,Jugador142,Jugador290,Jugador55,Jugador7",Jugador344,Jugador337,,,Staff Manchester City (amarilla)
311,32,Burnley,Luton Town,3,1,Jugador81;Jugador130;Jugador187;Jugador207,Jugador339;Jugador129;Jugador343,,"Jugador225,Jugador82,Jugador139,Jugador350,Jugador294,Jugador108,Jugador377,Jugador99,Jugador232,Jugador19,Jugador396","Jugador267,Jugador276,Jugador265,Jugador169,Jugador202,Jugador321,Jugador218,Jugador5,Jugador344,Jugador163,Jugador336",Jugador169;Jugador140;Jugador350;Jugador242;Jugador384,Jugador116,,,
312,32,Brentford,Tottenham,1,0,Jugador73,,,"Jugador302,Jugador170,Jugador51,Jugador143,Jugador21,Jugador224,Jugador120,Jugador66,Jugador370,Jugador205,Jugador219","Jugador323,Jugador338,Jugador133,Jugador75,Jugador320,Jugador180,Jugador170,Jugador276,Jugador101,Jugador361,Jugador17",,,,,
313,32,Manchester United,Arsenal,0,3,Jugador286;Jugador185;Jugador61,Jugador178;Jugador20,Jugador286 (penalti),"Jugador124,Jugador303,Jugador231,Jugador321,Jugador171,Jugador318,Jugador391,Jugador41,Jugador163,Jugador210,Jugador383","Jugador156,Jugador186,Jugador202,Jugador212,Jugador279,Jugador354,Jugador220,Jugador177,Jugador259,Jugador71,Jugador79",Jugador275;Jugador123;Jugador199;Jugador363,,,,
314,32,Liverpool,Brighton,4,0,Jugador144;Jugador28;Jugador278;Jugador12,Jugador330;Jugador96;Jugador1,,"Jugador310,Jugador63,Jugador256,Jugador97,Jugador223,Jugador191,Jugador322,Jugador356,Jugador132,Jugador174,Jugador156","Jugador330,Jugador56,Jugador49,Jugador86,Jugador124,Jugador276,Jugador324,Jugador347,Jugador290,Jugador59,Jugador210",Jugador390;Jugador16;Jugador166,Jugador292,,,
315,32,Everton,Manchester City,2,1,Jugador355;Jugador327;Jugador161,Jugador171;Jugador112,,"Jugador201,Jugador383,Jugador380,Jugador156,Jugador257,Jugador190,Jugador282,Jugador227,Jugador166,Jugador83,Jugador41","Jugador59,Jugador46,Jugador168,Jugador279,Jugador270,Jugador216,Jugador12,Jugador211,Jugador146,Jugador96,Jugador105",Jugador201,,,,
316,32,Wolves,West Ham,1,3,Jugador307;Jugador194;Jugador226;Jugador127,Jugador165;Jugador149;Jugador32,,"Jugador164,Jugador162,Jugador133,Jugador124,Jugador1,Jugador83,Jugador234,Jugador175,Jugador169,Jugador212,Jugador59","Jugador262,Jugador322,Jugador332,Jugador255,Jugador230,Jugador231,Jugador174,Jugador394,Jugador47,Jugador55,Jugador41",Jugador258;Jugador333;Jugador283;Jugador200;Jugador149;Jugador181,Jugador304,,,
317,32,Sheffield United,Newcastle,4,4,Jugador174;Jugador359;Jugador380;Jugador311;Jugador96;Jugador266;Jugador392;Jugador396,Jugador227;Jugador281;Jugador136;Jugador221;Jugador301;Jugador275;Jugador250,,"Jugador331,Jugador85,Jugador45,Jugador84,Jugador248,Jugador275,Jugador283,Jugador282,Jugador25,Jugador380,Jugador200","Jugador324,Jugador251,Jugador218,Jugador78,Jugador159,Jugador332,Jugador174,Jugador2,Jugador184,Jugador228,Jugador66",Jugador399;Jugador175;Jugador379;Jugador9,Jugador30,,,
318,32,Nottingham Forest,Chelsea,3,2,Jugador107;Jugador59;Jugador214;Jugador245;Jugador332,Jugador384;Jugador55;Jugador187;Jugador114,,"Jugador236,Jugador378,Jugador355,Jugador297,Jugador32,Jugador51,Jugador44,Jugador287,Jugador178,Jugador245,Jugador171","Jugador138,Jugador115,Jugador319,Jugador76,Jugador192,Jugador221,Jugador340,Jugador262,Jugador172,Jugador288,Jugador92",Jugador96;Jugador228,Jugador350;Jugador17,,,Staff Chelsea (amarilla)
319,32,Aston Villa,Crystal Palace,3,2,Jugador81;Jugador90;Jugador15;Jugador337;Jugador243,Jugador276;Jugador285;Jugador365;Jugador70,,"Jugador111,Jugador144,Jugador217,Jugador13,Jugador354,Jugador255,Jugador273,Jugador166,Jugador341,Jugador173,Jugador140","Jugador374,Jugador269,Jugador136,Jugador109,Jugador257,Jugador188,Jugador123,Jugador252,Jugador88,Jugador273,Jugador113",Jugador264;Jugador216;Jugador359;Jugador140,,,,
320,32,Fulham,Bournemouth,1,3,Jugador139;Jugador390;Jugador246;Jugador296,Jugador129;Jugador185;Jugador378,,"Jugador156,Jugador33,Jugador240,Jugador183,Jugador53,Jugador186,Jugador210,Jugador258,Jugador54,Jugador223,Jugador83","Jugador339,Jugador235,Jugador75,Jugador53,Jugador138,Jugador103,Jugador310,Jugador76,Jugador245,Jugador152,Jugador400",Jugador95;Jugador359;Jugador360;Jugador34;Jugador353;Jugador208,,,,
321,33,Luton Town,Liverpool,2,1,Jugador63;Jugador243;Jugador294,Jugador208;Jugador158,Jugador63 (penalti),"Jugador389,Jugador138,Jugador86,Jugador139,Jugador382,Jugador331,Jugador239,Jugador85,Jugador39,Jugador219,Jugador124","Jugador335,Jugador271,Jugador172,Jugador43,Jugador32,Jugador383,Jugador354,Jugador393,Jugador281,Jugador328,Jugador299",Jugador245;Jugador118;Jugador267;Jugador122,Jugador143;Jugador79,,,
322,33,Chelsea,Crystal Palace,3,1,Jugador329;Jugador1;Jugador19;Jugador43,Jugador28;Jugador334;Jugador230,,"Jugador185,Jugador265,Jugador237,Jugador341,Jugador182,Jugador385,Jugador62,Jugador370,Jugador335,Jugador114,Jugador346","Jugador59,Jugador218,Jugador145,Jugador146,Jugador24,Jugador69,Jugador232,Jugador89,Jugador47,Jugador186,Jugador329",Jugador264;Jugador216;Jugador313,,,,
323,33,Wolves,Manchester City,1,2,Jugador273;Jugador150;Jugador114,Jugador360;Jugador234,,"Jugador388,Jugador377,Jugador363,Jugador31,Jugador140,Jugador252,Jugador97,Jugador268,Jugador202,Jugador123,Jugador12","Jugador261,Jugador343,Jugador392,Jugador221,Jugador66,Jugador105,Jugador171,Jugador347,Jugador214,Jugador146,Jugador6",Jugador212;Jugador124;Jugador192;Jugador54,Jugador256;Jugador196,,,
324,33,Manchester United,Burnley,1,4,Jugador261;Jugador156;Jugador376;Jugador57;Jugador357,Jugador46;Jugador174;Jugador172;Jugador176,,"Jugador240,Jugador28,Jugador2,Jugador29,Jugador236,Jugador326,Jugador193,Jugador358,Jugador322,Jugador142,Jugador253","Jugador74,Jugador156,Jugador267,Jugador76,Jugador180,Jugador294,Jugador166,Jugador243,Jugador129,Jugador188,Jugador121",Jugador127,Jugador193;Jugador155,,,
325,33,West Ham,Sheffield United,2,4,Jugador163;Jugador298;Jugador321;Jugador102;Jugador356;Jugador122,Jugador178;Jugador271;Jugador294;Jugador142;Jugador115,,"Jugador8,Jugador399,Jugador297,Jugador374,Jugador89,Jugador54,Jugador143,Jugador138,Jugador76,Jugador223,Jugador300","Jugador12,Jugador329,Jugador286,Jugador153,Jugador393,Jugador65,Jugador2,Jugador21,Jugador345,Jugador154,Jugador88",Jugador236;Jugador248;Jugador77;Jugador128;Jugador124;Jugador157,Jugador382,,,
326,33,Arsenal,Bournemouth,3,1,Jugador306;Jugador399;Jugador141;Jugador395,Jugador264;Jugador213;Jugador204,,"Jugador231,Jugador284,Jugador387,Jugador378,Jugador245,Jugador72,Jugador18,Jugador74,Jugador257,Jugador186,Jugador210","Jugador252,Jugador228,Jugador98,Jugador298,Jugador279,Jugador76,Jugador77,Jugador246,Jugador103,Jugador133,Jugador122",Jugador122;Jugador356;Jugador226,,Jugador122 (pierde próximo partido),,
327,33,Nottingham Forest,Brentford,4,3,Jugador398;Jugador273;Jugador357;Jugador121;Jugador79;Jugador135;Jugador161,Jugador159;Jugador277;Jugador90;Jugador174;Jugador256;Jugador203,,"Jugador167,Jugador383,Jugador29,Jugador25,Jugador275,Jugador344,Jugador23,Jugador278,Jugador165,Jugador197,Jugador137","Jugador271,Jugador349,Jugador116,Jugador382,Jugador261,Jugador72,Jugador160,Jugador115,Jugador99,Jugador216,Jugador338",Jugador387,Jugador221,,,
328,33,Aston Villa,Fulham,0,4,Jugador187;Jugador339;Jugador333;Jugador20,Jugador331;Jugador35;Jugador27,,"Jugador337,Jugador270,Jugador349,Jugador97,Jugador356,Jugador99,Jugador332,Jugador56,Jugador230,Jugador90,Jugador195","Jugador270,Jugador242,Jugador196,Jugador169,Jugador69,Jugador101,Jugador250,Jugador112,Jugador31,Jugador245,Jugador388",Jugador163;Jugador231;Jugador62;Jugador117;Jugador105;Jugador378,Jugador116,Jugador378 (pierde próximo partido),,Staff Fulham (amarilla)
329,33,Brighton,Tottenham,4,0,Jugador166;Jugador250;Jugador301;Jugador154,Jugador224;Jugador137;Jugador27,Jugador166 (penalti),"Jugador215,Jugador295,Jugador37,Jugador218,Jugador334,Jugador315,Jugador377,Jugador101,Jugador79,Jugador198,Jugador4","Jugador33,Jugador255,Jugador350,Jugador119,Jugador222,Jugador105,Jugador361,Jugador233,Jugador250,Jugador124,Jugador65",Jugador276;Jugador136;Jugador154;Jugador96,Jugador240;Jugador256,,,
330,33,Everton,Newcastle,2,3,Jugador344;Jugador349;Jugador350;Jugador125;Jugador217,Jugador139;Jugador290;Jugador16;Jugador377,,"Jugador3,Jugador170,Jugador274,Jugador110,Jugador121,Jugador163,Jugador21,Jugador259,Jugador129,Jugador128,Jugador126","Jugador121,Jugador108,Jugador153,Jugador1,Jugador222,Jugador356,Jugador99,Jugador268,Jugador252,Jugador325,Jugador337",Jugador360,Jugador122,,,
331,34,Manchester United,Manchester City,3,4,Jugador73;Jugador81;Jugador112;Jugador96;Jugador148;Jugador107;Jugador243,Jugador130;Jugador315;Jugador2;Jugador182;Jugador360;Jugador394,,"Jugador235,Jugador303,Jugador156,Jugador66,Jugador13,Jugador155,Jugador8,Jugador102,Jugador354,Jugador221,Jugador26","Jugador193,Jugador268,Jugador357,Jugador9,Jugador249,Jugador187,Jugador323,Jugador59,Jugador105,Jugador95,Jugador263",,Jugador207;Jugador167,,,
332,34,Wolves,Bournemouth,4,4,Jugador34;Jugador250;Jugador216;Jugador161;Jugador56;Jugador347;Jugador324;Jugador190,Jugador30;Jugador28;Jugador79;Jugador296;Jugador361;Jugador324;Jugador186,,"Jugador194,Jugador395,Jugador355,Jugador190,Jugador358,Jugador292,Jugador157,Jugador47,Jugador217,Jugador376,Jugador382","Jugador83,Jugador331,Jugador329,Jugador188,Jugador224,Jugador178,Jugador398,Jugador380,Jugador194,Jugador29,Jugador299",Jugador3;Jugador94;Jugador135;Jugador73;Jugador43;Jugador7,Jugador348;Jugador336,,,
333,34,Crystal Palace,Newcastle,4,2,Jugador225;Jugador202;Jugador74;Jugador219;Jugador397;Jugador237,Jugador181;Jugador23;Jugador109;Jugador111;Jugador41,,"Jugador11,Jugador189,Jugador267,Jugador40,Jugador324,Jugador88,Jugador378,Jugador382,Jugador129,Jugador303,Jugador143","Jugador319,Jugador144,Jugador382,Jugador149,Jugador12,Jugador60,Jugador321,Jugador27,Jugador104,Jugador138,Jugador260",Jugador231;Jugador376;Jugador353;Jugador106;Jugador216;Jugador344,,,,
334,34,Luton Town,Aston Villa,0,1,Jugador229,,Jugador229 (penalti),"Jugador383,Jugador299,Jugador33,Jugador126,Jugador287,Jugador22,Jugador177,Jugador320,Jugador382,Jugador109,Jugador153","Jugador266,Jugador181,Jugador26,Jugador331,Jugador302,Jugador3,Jugador244,Jugador379,Jugador355,Jugador138,Jugador123",Jugador120;Jugador46;Jugador117;Jugador321;Jugador156;Jugador354,Jugador200;Jugador89,Jugador117 (pierde próximo partido),,
335,34,Nottingham Forest,Sheffield United,2,4,Jugador165;Jugador181;Jugador319;Jugador131;Jugador347;Jugador121,Jugador170;Jugador315;Jugador71;Jugador327;Jugador335,,"Jugador311,Jugador134,Jugador2,Jugador104,Jugador249,Jugador233,Jugador306,Jugador296,Jugador197,Jugador267,Jugador188","Jugador226,Jugador217,Jugador358,Jugador303,Jugador143,Jugador42,Jugador112,Jugador341,Jugador281,Jugador301,Jugador321",Jugador241;Jugador203;Jugador253;Jugador288;Jugador144,Jugador393;Jugador276,,Jugador76 (lesión),
336,34,West Ham,Brighton,2,4,Jugador81;Jugador335;Jugador326;Jugador73;Jugador219;Jugador378,Jugador261;Jugador61;Jugador90;Jugador293;Jugador159,,"Jugador229,Jugador400,Jugador69,Jugador228,Jugador331,Jugador34,Jugador124,Jugador391,Jugador151,Jugador45,Jugador107","Jugador63,Jugador360,Jugador339,Jugador55,Jugador165,Jugador132,Jugador308,Jugador15,Jugador88,Jugador361,Jugador368",Jugador161;Jugador104;Jugador125;Jugador225;Jugador306,Jugador26,,,
337,34,Brentford,Tottenham,4,2,Jugador115;Jugador27;Jugador289;Jugador396;Jugador293;Jugador224,Jugador154;Jugador237;Jugador88;Jugador122;Jugador347,Jugador115 (penalti),"Jugador385,Jugador291,Jugador6,Jugador383,Jugador297,Jugador70,Jugador170,Jugador28,Jugador145,Jugador7,Jugador321","Jugador328,Jugador19,Jugador145,Jugador140,Jugador225,Jugador273,Jugador161,Jugador96,Jugador396,Jugador340,Jugador256",Jugador132;Jugador76;Jugador47;Jugador44;Jugador16;Jugador210,Jugador27,,,
338,34,Fulham,Everton,1,0,Jugador21,,,"Jugador257,Jugador103,Jugador113,Jugador160,Jugador298,Jugador1,Jugador317,Jugador313,Jugador271,Jugador397,Jugador19","Jugador91,Jugador71,Jugador16,Jugador314,Jugador369,Jugador349,Jugador82,Jugador182,Jugador104,Jugador282,Jugador190",Jugador387;Jugador233,Jugador169;Jugador273,,,
339,34,Chelsea,Liverpool,3,0,Jugador60;Jugador362;Jugador342,Jugador146;Jugador27,Jugador60 (penalti),"Jugador33,Jugador256,Jugador133,Jugador385,Jugador194,Jugador211,Jugador39,Jugador74,Jugador86,Jugador226,Jugador78","Jugador306,Jugador109,Jugador359,Jugador70,Jugador164,Jugador347,Jugador147,Jugador288,Jugador193,Jugador254,Jugador160",Jugador212;Jugador11;Jugador287;Jugador185;Jugador167,Jugador293,,,
340,34,Arsenal,Burnley,0,0,,,,"Jugador199,Jugador325,Jugador273,Jugador270,Jugador114,Jugador398,Jugador318,Jugador283,Jugador260,Jugador378,Jugador71","Jugador86,Jugador380,Jugador167,Jugador223,Jugador390,Jugador235,Jugador368,Jugador373,Jugador176,Jugador55,Jugador187",Jugador295;Jugador147;Jugador173;Jugador10;Jugador67;Jugador278,Jugador179,,,Staff Burnley (amarilla)
341,35,Luton Town,Liverpool,1,0,Jugador295,,,"Jugador188,Jugador350,Jugador306,Jugador31,Jugador374,Jugador338,Jugador239,Jugador328,Jugador139,Jugador300,Jugador89","Jugador264,Jugador148,Jugador280,Jugador285,Jugador385,Jugador206,Jugador331,Jugador23,Jugador380,Jugador175,Jugador272",Jugador141;Jugador279;Jugador231;Jugador144;Jugador339,Jugador214,,Jugador85 (lesión),Staff Liverpool (amarilla)
342,35,Wolves,Nottingham Forest,2,3,Jugador252;Jugador123;Jugador326;Jugador122;Jugador384,Jugador64;Jugador5;Jugador187;Jugador69,,"Jugador374,Jugador268,Jugador390,Jugador323,Jugador340,Jugador146,Jugador186,Jugador76,Jugador122,Jugador162,Jugador57","Jugador315,Jugador193,Jugador137,Jugador371,Jugador117,Jugador178,Jugador99,Jugador389,Jugador360,Jugador44,Jugador155",Jugador226;Jugador307;Jugador245;Jugador59;Jugador269;Jugador170,Jugador320,,,
343,35,Chelsea,Aston Villa,3,2,Jugador306;Jugador360;Jugador341;Jugador370;Jugador387,Jugador395;Jugador123;Jugador160;Jugador268,,"Jugador243,Jugador2,Jugador111,Jugador282,Jugador379,Jugador333,Jugador253,Jugador343,Jugador161,Jugador228,Jugador92","Jugador156,Jugador90,Jugador251,Jugador332,Jugador334,Jugador243,Jugador52,Jugador387,Jugador5,Jugador193,Jugador165",Jugador11;Jugador305;Jugador61,Jugador152;Jugador178,,,
344,35,Brentford,Manchester City,0,2,Jugador376;Jugador25,Jugador194,Jugador376 (penalti),"Jugador290,Jugador37,Jugador227,Jugador347,Jugador374,Jugador94,Jugador256,Jugador295,Jugador160,Jugador39,Jugador75","Jugador265,Jugador283,Jugador252,Jugador317,Jugador153,Jugador364,Jugador255,Jugador375,Jugador214,Jugador231,Jugador261",Jugador36,,,,
345,35,Sheffield United,Bournemouth,1,1,Jugador283;Jugador71,Jugador320,Jugador283 (penalti),"Jugador239,Jugador334,Jugador236,Jugador329,Jugador318,Jugador345,Jugador53,Jugador118,Jugador312,Jugador80,Jugador141","Jugador147,Jugador340,Jugador372,Jugador174,Jugador291,Jugador380,Jugador383,Jugador50,Jugador310,Jugador358,Jugador117",Jugador178;Jugador333;Jugador206,Jugador79;Jugador60,,,
346,35,Everton,Burnley,4,1,Jugador123;Jugador26;Jugador153;Jugador76;Jugador265,Jugador165;Jugador19;Jugador54;Jugador200,,"Jugador16,Jugador305,Jugador224,Jugador176,Jugador85,Jugador369,Jugador2,Jugador376,Jugador251,Jugador142,Jugador117","Jugador85,Jugador381,Jugador218,Jugador17,Jugador317,Jugador303,Jugador253,Jugador285,Jugador36,Jugador345,Jugador64",Jugador357;Jugador134,Jugador327,,,
347,35,Tottenham,Manchester United,4,4,Jugador124;Jugador44;Jugador114;Jugador98;Jugador55;Jugador228;Jugador78;Jugador105,Jugador333;Jugador283;Jugador332;Jugador43;Jugador134;Jugador218;Jugador319,,"Jugador45,Jugador17,Jugador248,Jugador111,Jugador383,Jugador374,Jugador64,Jugador34,Jugador23,Jugador115,Jugador61","Jugador349,Jugador100,Jugador20,Jugador241,Jugador156,Jugador138,Jugador299,Jugador281,Jugador260,Jugador268,Jugador186",Jugador94;Jugador38;Jugador361,Jugador178;Jugador210,,,
348,35,Fulham,West Ham,2,2,Jugador142;Jugador272;Jugador12;Jugador36,Jugador57;Jugador50;Jugador226,,"Jugador183,Jugador143,Jugador102,Jugador400,Jugador166,Jugador53,Jugador130,Jugador225,Jugador123,Jugador134,Jugador221","Jugador300,Jugador371,Jugador272,Jugador12,Jugador167,Jugador154,Jugador215,Jugador150,Jugador74,Jugador162,Jugador273",Jugador293;Jugador207,Jugador84,,Jugador384 (lesión),Staff West Ham (amarilla)
349,35,Newcastle,Brighton,1,2,Jugador64;Jugador165;Jugador95,Jugador261;Jugador14,Jugador64 (penalti),"Jugador359,Jugador316,Jugador197,Jugador278,Jugador203,Jugador355,Jugador334,Jugador1,Jugador338,Jugador321,Jugador313","Jugador391,Jugador294,Jugador46,Jugador39,Jugador315,Jugador14,Jugador63,Jugador80,Jugador303,Jugador13,Jugador321",Jugador372;Jugador304;Jugador360;Jugador84;Jugador20;Jugador188,Jugador48,,Jugador247 (lesión),
350,35,Crystal Palace,Arsenal,1,2,Jugador319;Jugador172;Jugador89,Jugador319;Jugador335,,"Jugador292,Jugador84,Jugador284,Jugador34,Jugador385,Jugador315,Jugador123,Jugador304,Jugador144,Jugador40,Jugador87","Jugador363,Jugador318,Jugador73,Jugador19,Jugador142,Jugador13,Jugador47,Jugador184,Jugador28,Jugador121,Jugador381",,Jugador247;Jugador230,,,Staff Arsenal (amarilla)
351,36,Brighton,West Ham,2,2,Jugador200;Jugador319;Jugador36;Jugador84,Jugador122;Jugador51;Jugador236,,"Jugador301,Jugador184,Jugador83,Jugador291,Jugador203,Jugador372,Jugador224,Jugador179,Jugador276,Jugador240,Jugador234","Jugador229,Jugador275,Jugador386,Jugador359,Jugador301,Jugador44,Jugador158,Jugador347,Jugador9,Jugador159,Jugador24",Jugador337;Jugador180,Jugador54;Jugador263,,,
352,36,Manchester City,Liverpool,3,3,Jugador244;Jugador296;Jugador384;Jugador198;Jugador182;Jugador48,Jugador159;Jugador239;Jugador226;Jugador262;Jugador125,Jugador244 (penalti),"Jugador57,Jugador296,Jugador54,Jugador197,Jugador179,Jugador89,Jugador360,Jugador67,Jugador93,Jugador24,Jugador41","Jugador205,Jugador219,Jugador48,Jugador88,Jugador92,Jugador59,Jugador306,Jugador133,Jugador215,Jugador63,Jugador90",Jugador378;Jugador98;Jugador282;Jugador45,,,,
353,36,Everton,Newcastle,2,4,Jugador390;Jugador28;Jugador291;Jugador237;Jugador140;Jugador203,Jugador282;Jugador102;Jugador399;Jugador190;Jugador45,,"Jugador211,Jugador210,Jugador164,Jugador55,Jugador234,Jugador131,Jugador120,Jugador73,Jugador378,Jugador232,Jugador359","Jugador172,Jugador62,Jugador181,Jugador35,Jugador327,Jugador357,Jugador191,Jugador378,Jugador281,Jugador353,Jugador352",Jugador306;Jugador82;Jugador322;Jugador279;Jugador164,Jugador71;Jugador52,,,
354,36,Bournemouth,Wolves,4,3,Jugador333;Jugador26;Jugador321;Jugador256;Jugador109;Jugador205;Jugador169,Jugador311;Jugador277;Jugador44;Jugador184;Jugador386;Jugador99,,"Jugador211,Jugador293,Jugador261,Jugador63,Jugador139,Jugador43,Jugador240,Jugador6,Jugador172,Jugador52,Jugador327","Jugador301,Jugador389,Jugador227,Jugador80,Jugador50,Jugador121,Jugador17,Jugador72,Jugador39,Jugador168,Jugador280",Jugador86;Jugador40;Jugador32;Jugador169,,,,
355,36,Luton Town,Burnley,3,4,Jugador246;Jugador264;Jugador182;Jugador65;Jugador371;Jugador22;Jugador131,Jugador163;Jugador396;Jugador173;Jugador79;Jugador390;Jugador319,,"Jugador157,Jugador26,Jugador338,Jugador291,Jugador131,Jugador278,Jugador115,Jugador395,Jugador180,Jugador364,Jugador175","Jugador277,Jugador212,Jugador137,Jugador35,Jugador174,Jugador154,Jugador390,Jugador219,Jugador199,Jugador370,Jugador164",Jugador20;Jugador302,,,,
356,36,Brentford,Aston Villa,4,2,Jugador163;Jugador229;Jugador355;Jugador124;Jugador344;Jugador30,Jugador290;Jugador300;Jugador17;Jugador144;Jugador354,,"Jugador240,Jugador262,Jugador86,Jugador294,Jugador190,Jugador100,Jugador39,Jugador371,Jugador16,Jugador311,Jugador360","Jugador199,Jugador299,Jugador181,Jugador315,Jugador176,Jugador230,Jugador391,Jugador350,Jugador258,Jugador242,Jugador58",Jugador210;Jugador257;Jugador380;Jugador325,Jugador316,,,
357,36,Sheffield United,Tottenham,1,3,Jugador292;Jugador85;Jugador181;Jugador86,Jugador313;Jugador71;Jugador320,,"Jugador370,Jugador127,Jugador42,Jugador26,Jugador177,Jugador282,Jugador97,Jugador345,Jugador140,Jugador141,Jugador291","Jugador255,Jugador328,Jugador47,Jugador246,Jugador132,Jugador91,Jugador346,Jugador68,Jugador292,Jugador159,Jugador294",,,,,
358,36,Nottingham Forest,Arsenal,2,1,Jugador85;Jugador371;Jugador43,Jugador365;Jugador25,Jugador85 (penalti),"Jugador149,Jugador44,Jugador253,Jugador127,Jugador179,Jugador252,Jugador154,Jugador351,Jugador86,Jugador226,Jugador123","Jugador65,Jugador188,Jugador309,Jugador123,Jugador87,Jugador121,Jugador48,Jugador36,Jugador307,Jugador316,Jugador7",Jugador189;Jugador171;Jugador212;Jugador95;Jugador368;Jugador232,Jugador86,,,
359,36,Fulham,Chelsea,3,0,Jugador66;Jugador139;Jugador39,Jugador275;Jugador67,,"Jugador29,Jugador213,Jugador282,Jugador7,Jugador95,Jugador104,Jugador197,Jugador293,Jugador219,Jugador295,Jugador155","Jugador67,Jugador171,Jugador174,Jugador263,Jugador318,Jugador55,Jugador165,Jugador384,Jugador243,Jugador164,Jugador131",Jugador220;Jugador360;Jugador239,Jugador248,,,
360,36,Manchester United,Crystal Palace,0,2,Jugador27;Jugador162,Jugador102,,"Jugador348,Jugador148,Jugador222,Jugador209,Jugador142,Jugador281,Jugador214,Jugador4,Jugador293,Jugador49,Jugador40","Jugador183,Jugador156,Jugador218,Jugador13,Jugador244,Jugador349,Jugador161,Jugador28,Jugador153,Jugador172,Jugador80",Jugador205;Jugador322;Jugador268,Jugador44;Jugador159,,Jugador56 (lesión),
361,37,Manchester United,Liverpool,1,3,Jugador242;Jugador328;Jugador391;Jugador374,Jugador115;Jugador180;Jugador372,,"Jugador394,Jugador82,Jugador385,Jugador395,Jugador106,Jugador271,Jugador196,Jugador161,Jugador99,Jugador173,Jugador6","Jugador182,Jugador367,Jugador21,Jugador94,Jugador330,Jugador289,Jugador394,Jugador222,Jugador349,Jugador141,Jugador238",,Jugador126;Jugador368,,,
362,37,Arsenal,Chelsea,2,4,Jugador354;Jugador120;Jugador346;Jugador218;Jugador119;Jugador42,Jugador313;Jugador75;Jugador213;Jugador238;Jugador94,,"Jugador99,Jugador373,Jugador214,Jugador124,Jugador149,Jugador110,Jugador219,Jugador1,Jugador167,Jugador258,Jugador187","Jugador197,Jugador249,Jugador195,Jugador377,Jugador330,Jugador234,Jugador62,Jugador88,Jugador393,Jugador25,Jugador222",,Jugador133,,Jugador206 (lesión),
363,37,Burnley,West Ham,3,1,Jugador230;Jugador349;Jugador251;Jugador220,Jugador9;Jugador272;Jugador347,,"Jugador204,Jugador65,Jugador17,Jugador357,Jugador233,Jugador16,Jugador386,Jugador25,Jugador150,Jugador180,Jugador348","Jugador186,Jugador325,Jugador248,Jugador195,Jugador91,Jugador18,Jugador182,Jugador119,Jugador292,Jugador16,Jugador305",Jugador199;Jugador109;Jugador23,Jugador103,,,
364,37,Bournemouth,Newcastle,1,0,Jugador296,,,"Jugador241,Jugador217,Jugador38,Jugador133,Jugador61,Jugador8,Jugador127,Jugador183,Jugador386,Jugador288,Jugador336","Jugador2,Jugador53,Jugador348,Jugador299,Jugador84,Jugador394,Jugador3,Jugador141,Jugador364,Jugador65,Jugador252",Jugador397;Jugador124,Jugador76,,,
365,37,Sheffield United,Crystal Palace,1,3,Jugador140;Jugador332;Jugador116;Jugador321,Jugador106;Jugador351;Jugador223,,"Jugador112,Jugador399,Jugador70,Jugador244,Jugador282,Jugador89,Jugador167,Jugador125,Jugador260,Jugador153,Jugador46","Jugador29,Jugador60,Jugador120,Jugador104,Jugador300,Jugador364,Jugador109,Jugador361,Jugador237,Jugador276,Jugador177",Jugador297;Jugador243;Jugador244;Jugador48,,,,
366,37,Aston Villa,Tottenham,3,0,Jugador374;Jugador371;Jugador134,Jugador50;Jugador145,,"Jugador278,Jugador220,Jugador346,Jugador342,Jugador273,Jugador381,Jugador207,Jugador78,Jugador150,Jugador160,Jugador138","Jugador340,Jugador400,Jugador353,Jugador219,Jugador277,Jugador290,Jugador247,Jugador136,Jugador336,Jugador395,Jugador258",Jugador127;Jugador30;Jugador248;Jugador299;Jugador150,,,,
367,37,Fulham,Luton Town,2,3,Jugador49;Jugador378;Jugador356;Jugador192;Jugador340,Jugador151;Jugador382;Jugador191;Jugador305,,"Jugador288,Jugador98,Jugador67,Jugador208,Jugador346,Jugador334,Jugador223,Jugador330,Jugador343,Jugador281,Jugador400","Jugador189,Jugador135,Jugador92,Jugador5,Jugador396,Jugador194,Jugador337,Jugador374,Jugador168,Jugador182,Jugador243",Jugador212,Jugador37,,,
368,37,Brentford,Brighton,1,1,Jugador203;Jugador111,Jugador150,,"Jugador273,Jugador111,Jugador73,Jugador258,Jugador153,Jugador157,Jugador223,Jugador57,Jugador125,Jugador167,Jugador333","Jugador19,Jugador225,Jugador130,Jugador299,Jugador209,Jugador35,Jugador126,Jugador69,Jugador36,Jugador31,Jugador44",Jugador338;Jugador252;Jugador365,Jugador390,,,
369,37,Everton,Nottingham Forest,3,2,Jugador209;Jugador380;Jugador36;Jugador362;Jugador346,Jugador302;Jugador211;Jugador89;Jugador70,,"Jugador266,Jugador125,Jugador11,Jugador111,Jugador331,Jugador213,Jugador170,Jugador294,Jugador393,Jugador119,Jugador46","Jugador312,Jugador53,Jugador273,Jugador199,Jugador396,Jugador305,Jugador191,Jugador399,Jugador350,Jugador384,Jugador259",,Jugador70;Jugador239,,Jugador135 (lesión),
370,37,Manchester City,Wolves,4,3,Jugador383;Jugador265;Jugador100;Jugador162;Jugador391;Jugador398;Jugador320,Jugador261;Jugador226;Jugador177;Jugador390;Jugador78;Jugador392,Jugador383 (penalti),"Jugador348,Jugador375,Jugador328,Jugador219,Jugador30,Jugador182,Jugador156,Jugador86,Jugador54,Jugador202,Jugador50","Jugador89,Jugador356,Jugador243,Jugador284,Jugador338,Jugador240,Jugador340,Jugador210,Jugador248,Jugador232,Jugador167",Jugador115,,Jugador115 (pierde próximo partido),,
371,38,West Ham,Bournemouth,4,1,Jugador11;Jugador381;Jugador53;Jugador77;Jugador297,Jugador55;Jugador294;Jugador94;Jugador246,,"Jugador122,Jugador296,Jugador5,Jugador86,Jugador329,Jugador109,Jugador395,Jugador278,Jugador119,Jugador263,Jugador368","Jugador348,Jugador200,Jugador80,Jugador342,Jugador252,Jugador238,Jugador211,Jugador338,Jugador56,Jugador98,Jugador123",Jugador43;Jugador310;Jugador282;Jugador397;Jugador105;Jugador194,,,,
372,38,Everton,Brighton,0,3,Jugador244;Jugador366;Jugador68,Jugador382;Jugador116,,"Jugador234,Jugador7,Jugador282,Jugador165,Jugador373,Jugador93,Jugador64,Jugador277,Jugador266,Jugador33,Jugador53","Jugador38,Jugador250,Jugador258,Jugador327,Jugador385,Jugador333,Jugador321,Jugador183,Jugador47,Jugador244,Jugador221",Jugador73;Jugador356;Jugador170;Jugador331;Jugador128,Jugador205;Jugador224,,,
373,38,Crystal Palace,Wolves,2,3,Jugador76;Jugador365;Jugador356;Jugador292;Jugador162,Jugador162;Jugador311;Jugador102;Jugador55,,"Jugador337,Jugador31,Jugador18,Jugador251,Jugador44,Jugador34,Jugador122,Jugador385,Jugador127,Jugador41,Jugador179","Jugador96,Jugador138,Jugador181,Jugador348,Jugador143,Jugador354,Jugador179,Jugador137,Jugador156,Jugador273,Jugador119",Jugador327;Jugador182;Jugador389,Jugador110;Jugador10,Jugador182 (pierde próximo partido),,
374,38,Brentford,Aston Villa,4,3,Jugador262;Jugador45;Jugador339;Jugador261;Jugador343;Jugador18;Jugador379,Jugador135;Jugador115;Jugador109;Jugador134;Jugador294;Jugador235,,"Jugador148,Jugador85,Jugador211,Jugador2,Jugador354,Jugador249,Jugador288,Jugador229,Jugador245,Jugador261,Jugador333","Jugador384,Jugador49,Jugador13,Jugador397,Jugador52,Jugador246,Jugador106,Jugador272,Jugador119,Jugador165,Jugador213",Jugador287,,,,Staff Aston Villa (amarilla)
375,38,Fulham,Tottenham,2,0,Jugador210;Jugador109,Jugador41,,"Jugador238,Jugador275,Jugador141,Jugador259,Jugador31,Jugador305,Jugador183,Jugador147,Jugador363,Jugador185,Jugador389","Jugador231,Jugador281,Jugador70,Jugador103,Jugador368,Jugador343,Jugador148,Jugador34,Jugador188,Jugador347,Jugador105",Jugador344;Jugador381;Jugador193,Jugador78,,,Staff Tottenham (amarilla)
376,38,Newcastle,Liverpool,1,1,Jugador152;Jugador141,Jugador212,,"Jugador291,Jugador39,Jugador354,Jugador121,Jugador12,Jugador394,Jugador250,Jugador137,Jugador92,Jugador19,Jugador305","Jugador232,Jugador179,Jugador347,Jugador270,Jugador192,Jugador127,Jugador4,Jugador200,Jugador22,Jugador136,Jugador135",Jugador256;Jugador225,Jugador32;Jugador371,,,
377,38,Nottingham Forest,Manchester City,2,3,Jugador270;Jugador337;Jugador261;Jugador175;Jugador344,Jugador117;Jugador58;Jugador92;Jugador34,Jugador270 (penalti),"Jugador315,Jugador52,Jugador124,Jugador206,Jugador111,Jugador71,Jugador100,Jugador349,Jugador300,Jugador91,Jugador372","Jugador83,Jugador174,Jugador96,Jugador28,Jugador123,Jugador395,Jugador194,Jugador162,Jugador148,Jugador397,Jugador13",Jugador80;Jugador203;Jugador286,,,,
378,38,Luton Town,Chelsea,1,4,Jugador384;Jugador141;Jugador309;Jugador74;Jugador183,Jugador13;Jugador5;Jugador8;Jugador2,,"Jugador352,Jugador124,Jugador116,Jugador55,Jugador234,Jugador369,Jugador74,Jugador334,Jugador128,Jugador319,Jugador111","Jugador40,Jugador338,Jugador67,Jugador87,Jugador266,Jugador5,Jugador220,Jugador7,Jugador88,Jugador181,Jugador354",Jugador112;Jugador219;Jugador165;Jugador284,Jugador209,,,
379,38,Sheffield United,Manchester United,3,4,Jugador205;Jugador20;Jugador397;Jugador368;Jugador382;Jugador379;Jugador235,Jugador377;Jugador286;Jugador116;Jugador232;Jugador341;Jugador241,,"Jugador60,Jugador229,Jugador53,Jugador69,Jugador50,Jugador157,Jugador304,Jugador300,Jugador88,Jugador217,Jugador166","Jugador26,Jugador243,Jugador38,Jugador185,Jugador186,Jugador206,Jugador330,Jugador331,Jugador172,Jugador165,Jugador281",Jugador376;Jugador227;Jugador15;Jugador299;Jugador29,,,,
380,38,Burnley,Arsenal,1,0,Jugador291,,Jugador291 (penalti),"Jugador9,Jugador84,Jugador93,Jugador207,Jugador38,Jugador325,Jugador193,Jugador184,Jugador337,Jugador197,Jugador266","Jugador256,Jugador66,Jugador342,Jugador290,Jugador21,Jugador226,Jugador104,Jugador144,Jugador379,Jugador348,Jugador368",Jugador175;Jugador114;Jugador308;Jugador260,,,,
